0,art_num
21442,L31FK4AN76-10.0
21580,L8FMS5AR196_M
20299,L31FK12AN76
21352,L41FK17AN95G-10.0
21411,D27CK13AN61-9.7
21434,L41FK20AN95G-10.0
20304,L8FMS4AN196
20944,R31FK4AN76
20300,L4FML4AN99
20861,L41FK20AN95NMMG
21582,L8FMS4AN196_10.0
20534,L41FK4AN95-10.0
20758,L31FK20AN76NMMG
21365,L41FK17AN95G-10.0_М
20928,L12FML4AN300
20476,L12FML8AN300
20701,D23CK17AN47
21279,L12FML5AN300A_M
21453,L31FK20AN76G-10.0_M
20870,L41FK6AN95
21441,L31FK20AN76G-10.0
20762,L31FK20AN76G
20695,L31FK17AN76G
21612,L12FML5AR300
21559,L41FK15AR95G
20639,9R31FK5AN76
20303,L6FML4AN148
21328,D27CK13AN61
20371,L31FK4AN76
20355,L8FMS5AN196
21311,L31FK4AN76NMM2000
21460,L31FK17AN76-10.0_M
20739,L31FK13AN76
20732,L31FK15AN76G
21480,L4FML4AR99
20931,L65FK4AN139NMM
21568,L8FMS5AR196
21312,L31FK4AN76NMM3000
21444,L31FK17AN76G-10.0
21531,L41FK15AN95G-10.0_M
21369,L31FK4AN76NMM1250
21382,L31FK20AN76NMMG4000
20380,L65FG4AN139
21445,L31FK6AN76-10.0
21270,L31FK17AN76G_M
21461,L10FML3AR249
20726,L31FK17AN76NMMG
20782,L4FML4AN99NMM
21378,L31FK20AN76NMMG750
21454,L31FK15AN76G-10.0
20471,R8FMS5AN196
20873,L10FML4AN249
21448,L12FML4AR300
21128,L12FML5AN300NMMA
21455,L31FK19AN76G-10.0
20525,L10FML5AN249
21224,L12FML5AN300A
20649,L41FK20AN95
20504,R6FML5AN148
20381,L95FG4AN202
20845,L41FK17AN95G
21490,L12FML4AR300NMM
20932,L8FML5AR196
21240,L4FML3AN99
21012,L65FK8AN139
21364,L41FK6AN95-10.0
21299,SHURFD65CK5AN148NMM
21635,L31FK12AN76NMM
210,L6FM5AN148
21394,L41FK17AN95NMMG1000
21546,1L41FK20AN95NMM-H
21366,L31FK4AN76NMM500
21491,L41FK15AN95G-10.0
20737,2L31FK20AN76NMM-H
20501,L6FML5AR148
21446,L41FK20AN95G-10.0_М
21301,D27C10AN61NMM
20846,L41FK20AN95G
21350,L41FK4AN95
20973,L41FK4AR95
21392,L41FK17AN95NMMG3000
20956,L8FML5AR196NMM
21614,L31FK5AN76-10.0
20379,СР114С10AN99
20971,L41FK15AN95
21318,L8FMS5AN196NMM1000
21131,L10FML4AR249
20984,L65FK4AR139NMM
21115,L95FK4AR202
21523,"KOF5-150-1,3"
21527,L41FK4AN95-10.0_M
20874,L10FML4AN249NMM
20756,L8FML3AR196
20694,L31FK17AN76
20700,L8FMS5AN196NMM
20583,L41FK4AN95NMM
20781,L41FK17AN95NMMG
20951,9L31FK4AN76NMM
20803,L31FK4AN76NMM
21337,L8FMS4AN196_М
20662,OPORA76AN139
21310,L31FK4AN76NMM1000
21530,L31FK15AN76G-10.0_M
21367,L31FK4AN76NMM750
20953,9L8FML4AN196NFM
20751,L41FK5AN95
21544,"KOFk5,0-100-1,2"
21389,L41FK20AN95NMMG1000
20986,9L65FK4AR139NFM
20354,L41FK17AN95S
21345,L6FML4AN148NMM2000
21294,L31FK17AN76NMMG4000
20778,L41FK13AN95
21293,L31FK17AN76NMMG3000
21127,R12FML5AN300A
21213,L12FML6AN300A
20983,L65FK4AR139
21400,L10FML4AN249NMM1000
20793,L6FML4AN148NMM
20520,L31FK19AN76G
21005,L31FK5AN76
21383,L31FK20AN76NMMG2000
20757,R31FK20AN76G
20722,R31FK17AN76G
20775,9L41FK4AN95NFM
21528,L31FK20AN76NMMG500
20475,L6FML5AN148
21313,L31FK4AN76NMM4000
21609,L12FML5AR300NMM4000
20802,L31FK10AN76
20965,9L12FML4AN300NFM
21390,L41FK17AN95NMMG750
21363,L41FK4AN95NMM4000
20869,R41FK6AN95
20462,R8FMS4AN196
20902,L8FMS3AR196
21319,L8FMS5AN196NMM2000
21071,R41FK20AN95 G
21292,L31FK17AN76NMMG1000
222,L41FK12AN95
20970,L12FML4AN300NMM
21290,L31FK17AN76NMMG2000
20930,L65FK4AN139
20746,9L31FK8AN76NFM
21403,L10FML4AN249NMM4000
21496,L8FMS4AR196NMM
20910,L31FK6AN76NMM
20599,L10FML5AN249NMM
21463,L10FML3AR249NMM750
20816,L23FK8AN50NMM
20863,L41FK6AN95NMM
21598,L6FML5AR148NMM500
20904,L31FK6AN76
21013,L65FK5AN139
21600,L6FML5AR148NMM750
21393,L41FK17AN95NMMG2000
21605,L31FK17AN76G-10.0_M
20779,R41FK17AN95G
21547,L41FK20AN95NMMG500
20582,L8FMS4AN196NMM
21450,L12FML5AR300NMM
21391,L41FK17AN95NMMG4000
20650,L95FK10AN202
20980,L41FK4AR95NMM
20361,D23FK10AN50
20689,9L8FMS4AN196NFM
21320,L8FMS5AN196NMM3000
21594,L6FML5AR148NMM1250
21381,L31FK20AN76NMMG1250
20748,R31FK13AN76
21374,L31FK17AN76NMMG500
20614,R8FML5AR196
20540,R10FML5AN249
21067,L8FML4AR196NMM
21420,L41FK20AN95NMMG2000
21006,L31FK5AN76NMM
20747,9L31FK20AN76NFM
21406,R41FK6AN95-10.0
20740,L31FK13AN76NMM
20805,9L31FK10AN76NFM
20806,9L31FK4AN76NFM
20774,9L41FK5AN95NFM
21357,L41FK4AN95NMM500
20724,R41FK4AN95
21361,L41FK4AN95NMM2000
21140,R10FML4AN249
21610,L12FML5AR300NMM750
21380,L31FK20AN76NMMG1000
21333,L41FK17AN95G_M
21359,L41FK4AN95NMM1000
21346,L6FML4AN148NMM3000
21495,L8FML5AR196NMM4000
21255,L12FML6AN300A_M
21402,L10FML4AN249NMM3000
20516,R31FK12AN76
21228,L41FK20AN95NMM-H
20783,R4FML4AN99
21112,L95FK4AR202NMM
21343,L6FML4AN148NMM500
21327,L31FK20AN76NMMG3000
20744,9L31FK13AN76NFM
21360,L41FK4AN95NMM1250
21521,KOF9-200-2
21467,L10FML3AR249NMM4000
21375,L31FK17AN76NMMG750
21608,L12FML5AR300NMM3000
20698,9L31FK17AN76NFM
21358,L41FK4AN95NMM750
21321,L8FMS5AN196NMM4000
21372,L31FK17AN76NMMG1250
21464,L10FML3AR249NMM1250
21342,L6FML4AN148NMM750
21466,L10FML3AR249NMM3000
20752,L41FK17AN95NMM
20745,L31FK8AN76
21502,L8FMS5AR196NMM3000
21371,L41FK17AN95NMMG500
21579,L6FML4AR148
21565,L41FK15AR95NMMG750
21324,D27CK10AN61NMM
21468,L10FML3AR249NMM
20776,9L41FK13AN95NFM
21325,R10FML5AR249
20619,1L10FML5AN249NMM-R
21399,L10FML4AN249NMM2000
21548,L41FK20AN95NMMG750
20481,R65FG4AN139
21564,L41FK15AR95NMMG4000
21571,L41FK15AR95G_M
21216,L12FML6AN300NMMA
20897,L31FK3AR76
21421,L41FK20AN95NMMG3000
21347,L6FML4AN148NMM4000
21362,L41FK4AN95NMM3000
21498,L8FMS5AR196NMM1000
21615,Cylinder150AN80
21550,1L41FK17AN95NMM-H
20945,R31FK19AN76G
