subject_1,subject_2,subject_3,subject_4,subject_5,subject_6,mean_score,final_lab
52,16,42,31,6,98,40.833,хорошо
28,28,39,23,97,77,48.667,хорошо
41,24,10,46,18,35,29.0,удовлетворительно
48,66,45,37,83,19,49.667,хорошо
4,1,76,51,43,18,32.167,хорошо
89,56,32,59,89,79,67.333,отлично
56,32,75,18,44,57,47.0,хорошо
63,65,83,73,16,56,59.333,хорошо
87,53,72,46,16,10,47.333,хорошо
6,51,2,51,21,88,36.5,хорошо
44,97,72,32,95,57,66.167,отлично
57,48,12,40,80,69,51.0,хорошо
32,66,52,97,29,0,46.0,хорошо
80,76,33,51,5,50,49.167,хорошо
26,40,37,0,95,67,44.167,хорошо
35,24,23,46,8,61,32.833,хорошо
12,46,27,23,27,43,29.667,удовлетворительно
71,78,32,65,22,32,50.0,хорошо
96,78,53,2,7,3,39.833,хорошо
74,11,44,67,91,52,56.5,хорошо
27,5,59,10,26,51,29.667,удовлетворительно
41,15,52,63,11,51,38.833,хорошо
9,62,7,87,85,74,54.0,хорошо
4,31,83,25,3,28,29.0,удовлетворительно
74,96,18,24,82,87,63.5,отлично
16,19,50,3,50,10,24.667,удовлетворительно
45,14,78,98,37,6,46.333,хорошо
17,47,27,18,56,59,37.333,хорошо
77,54,78,13,76,15,52.167,хорошо
74,27,41,2,43,0,31.167,хорошо
4,36,61,30,27,44,33.667,хорошо
7,47,87,35,23,94,48.833,хорошо
83,44,53,78,71,86,69.167,отлично
29,98,82,5,14,6,39.0,хорошо
8,59,85,91,3,51,49.5,хорошо
29,58,36,41,42,27,38.833,хорошо
11,48,81,40,9,96,47.5,хорошо
65,23,85,91,41,30,55.833,хорошо
72,93,45,58,94,16,63.0,отлично
27,53,20,51,41,86,46.333,хорошо
47,32,55,93,7,71,50.833,хорошо
50,65,92,54,71,43,62.5,отлично
72,22,43,19,88,88,55.333,хорошо
91,19,29,17,91,11,43.0,хорошо
78,18,61,35,51,60,50.5,хорошо
73,83,55,69,26,85,65.167,отлично
62,82,21,33,79,26,50.5,хорошо
74,26,10,72,37,98,52.833,хорошо
6,8,55,52,28,27,29.333,удовлетворительно
49,8,21,51,27,93,41.5,хорошо
1,17,53,59,42,51,37.167,хорошо
88,16,69,19,93,41,54.333,хорошо
93,86,7,0,24,80,48.333,хорошо
32,26,75,8,95,1,39.5,хорошо
14,77,22,4,84,37,39.667,хорошо
0,76,97,81,91,89,72.333,отлично
24,22,27,89,53,7,37.0,хорошо
60,30,98,62,37,73,60.0,отлично
76,66,3,13,58,31,41.167,хорошо
41,46,7,1,7,75,29.5,удовлетворительно
21,88,9,23,75,65,46.833,хорошо
40,2,55,3,36,55,31.833,хорошо
3,74,64,70,6,50,44.5,хорошо
61,24,73,14,63,67,50.333,хорошо
18,81,16,33,21,72,40.167,хорошо
60,90,73,66,92,75,76.0,отлично
74,34,35,86,96,52,62.833,отлично
8,89,46,95,48,87,62.167,отлично
26,89,0,5,41,54,35.833,хорошо
11,6,95,66,53,91,53.667,хорошо
71,55,6,84,98,8,53.667,хорошо
23,38,45,22,20,20,28.0,удовлетворительно
0,34,33,62,43,87,43.167,хорошо
77,71,81,52,88,91,76.667,отлично
94,28,67,52,94,11,57.667,хорошо
0,22,14,86,13,55,31.667,хорошо
35,89,37,25,92,86,60.667,отлично
85,97,82,80,88,23,75.833,отлично
43,31,38,26,46,52,39.333,хорошо
10,47,44,3,6,39,24.833,удовлетворительно
35,4,24,18,86,46,35.5,хорошо
57,49,11,9,77,7,35.0,хорошо
65,10,65,60,74,63,56.167,хорошо
50,27,80,71,67,26,53.5,хорошо
39,3,85,81,79,86,62.167,отлично
44,8,97,81,94,40,60.667,отлично
74,56,54,43,52,50,54.833,хорошо
13,71,5,83,79,72,53.833,хорошо
48,84,4,34,36,74,46.667,хорошо
40,21,55,64,36,53,44.833,хорошо
27,83,20,68,47,6,41.833,хорошо
45,46,37,68,2,44,40.333,хорошо
33,11,20,68,48,56,39.333,хорошо
37,1,32,52,22,48,32.0,хорошо
44,9,88,78,29,45,48.833,хорошо
30,56,3,31,10,14,24.0,удовлетворительно
60,18,98,37,6,56,45.833,хорошо
36,82,34,49,72,67,56.667,хорошо
2,59,22,97,61,65,51.0,хорошо
59,5,23,4,10,54,25.833,удовлетворительно
76,39,72,4,62,96,58.167,хорошо
69,88,37,73,18,51,56.0,хорошо
26,29,23,52,26,24,30.0,хорошо
80,1,34,61,9,80,44.167,хорошо
65,9,36,18,71,45,40.667,хорошо
60,45,22,83,55,79,57.333,хорошо
58,10,9,47,55,30,34.833,хорошо
37,59,57,65,57,44,53.167,хорошо
85,53,22,87,53,72,62.0,отлично
74,17,49,67,94,24,54.167,хорошо
17,29,38,32,70,22,34.667,хорошо
43,38,86,4,16,32,36.5,хорошо
24,61,61,54,1,6,34.5,хорошо
67,15,60,81,93,61,62.833,отлично
43,81,41,57,45,77,57.333,хорошо
31,60,33,23,29,67,40.5,хорошо
69,60,83,60,93,86,75.167,отлично
81,74,52,15,20,29,45.167,хорошо
22,86,8,94,98,82,65.0,отлично
98,65,35,22,46,83,58.167,хорошо
51,84,46,74,79,17,58.5,хорошо
17,33,10,22,88,5,29.167,удовлетворительно
25,29,21,15,33,29,25.333,удовлетворительно
55,7,22,49,20,59,35.333,хорошо
61,4,49,83,22,49,44.667,хорошо
62,59,57,23,57,62,53.333,хорошо
43,87,42,84,55,91,67.0,отлично
27,13,8,37,65,7,26.167,удовлетворительно
28,39,11,30,72,49,38.167,хорошо
40,16,78,48,18,90,48.333,хорошо
29,33,87,86,16,3,42.333,хорошо
30,96,12,29,35,8,35.0,хорошо
12,80,12,81,81,68,55.667,хорошо
97,42,57,11,68,43,53.0,хорошо
35,67,37,15,88,72,52.333,хорошо
65,44,93,35,62,35,55.667,хорошо
78,32,56,90,49,39,57.333,хорошо
31,86,9,50,43,75,49.0,хорошо
3,49,22,59,30,98,43.5,хорошо
56,82,11,94,75,33,58.5,хорошо
24,13,61,44,44,72,43.0,хорошо
2,54,89,3,11,95,42.333,хорошо
53,80,82,57,57,4,55.5,хорошо
51,76,24,63,49,16,46.5,хорошо
39,19,26,19,44,42,31.5,хорошо
45,83,18,57,73,80,59.333,хорошо
22,24,34,62,4,55,33.5,хорошо
81,18,96,11,45,99,58.333,хорошо
83,54,28,4,23,8,33.333,хорошо
62,70,82,60,52,31,59.5,хорошо
38,15,58,44,45,35,39.167,хорошо
51,22,75,7,54,1,35.0,хорошо
6,7,64,78,26,23,34.0,хорошо
59,62,66,28,33,46,49.0,хорошо
3,76,85,93,38,40,55.833,хорошо
7,9,94,17,92,67,47.667,хорошо
87,74,94,31,37,22,57.5,хорошо
37,59,27,38,83,61,50.833,хорошо
14,50,32,35,50,27,34.667,хорошо
42,64,67,81,45,1,50.0,хорошо
8,86,36,75,26,10,40.167,хорошо
91,28,0,11,10,41,30.167,хорошо
17,94,19,94,3,70,49.5,хорошо
95,88,95,17,51,55,66.833,отлично
64,29,97,71,24,99,64.0,отлично
14,11,30,8,42,2,17.833,удовлетворительно
23,26,93,40,73,76,55.167,хорошо
38,77,38,23,30,92,49.667,хорошо
93,91,54,56,63,71,71.333,отлично
41,88,27,80,12,83,55.167,хорошо
94,96,69,74,52,59,74.0,отлично
83,53,87,38,62,30,58.833,хорошо
46,73,21,71,27,15,42.167,хорошо
61,86,61,0,24,15,41.167,хорошо
43,28,79,34,55,1,40.0,хорошо
59,7,61,88,67,9,48.5,хорошо
15,91,25,25,75,17,41.333,хорошо
68,40,28,85,93,49,60.5,отлично
84,51,60,67,85,37,64.0,отлично
80,61,63,55,95,77,71.833,отлично
16,41,63,86,47,12,44.167,хорошо
25,22,99,73,21,12,42.0,хорошо
47,21,55,96,82,18,53.167,хорошо
89,9,16,16,51,16,32.833,хорошо
10,81,68,71,65,35,55.0,хорошо
50,29,40,5,82,42,41.333,хорошо
72,4,20,0,72,7,29.167,удовлетворительно
27,16,15,87,2,2,24.833,удовлетворительно
40,47,93,98,80,49,67.833,отлично
83,26,51,67,37,92,59.333,хорошо
41,13,79,76,34,1,40.667,хорошо
45,51,67,59,46,61,54.833,хорошо
67,53,34,83,39,61,56.167,хорошо
74,92,59,83,31,78,69.5,отлично
5,76,30,41,18,82,42.0,хорошо
71,50,55,9,5,61,41.833,хорошо
67,12,78,9,51,3,36.667,хорошо
22,33,13,27,64,20,29.833,удовлетворительно
16,52,21,53,3,35,30.0,хорошо
56,74,31,24,62,77,54.0,хорошо
86,56,99,2,30,57,55.0,хорошо
28,37,17,34,70,95,46.833,хорошо
21,65,54,2,16,64,37.0,хорошо
43,55,8,67,38,79,48.333,хорошо
97,95,96,17,3,26,55.667,хорошо
64,67,76,96,35,48,64.333,отлично
23,64,90,48,66,78,61.5,отлично
20,49,3,17,75,50,35.667,хорошо
81,85,67,4,34,14,47.5,хорошо
88,28,92,76,85,52,70.167,отлично
39,8,14,52,77,91,46.833,хорошо
45,79,64,56,25,32,50.167,хорошо
84,37,65,31,87,95,66.5,отлично
43,87,6,0,53,2,31.833,хорошо
59,74,74,72,64,19,60.333,отлично
43,19,85,6,43,73,44.833,хорошо
25,82,87,7,41,1,40.5,хорошо
42,17,36,18,79,68,43.333,хорошо
36,66,64,56,49,24,49.167,хорошо
92,56,86,69,0,62,60.833,отлично
18,75,76,56,42,79,57.667,хорошо
90,27,71,16,96,64,60.667,отлично
98,30,77,63,82,99,74.833,отлично
0,61,26,99,61,55,50.333,хорошо
46,29,19,71,53,46,44.0,хорошо
21,83,15,88,63,33,50.5,хорошо
9,24,70,17,12,77,34.833,хорошо
24,10,32,34,27,45,28.667,удовлетворительно
76,47,14,69,9,62,46.167,хорошо
68,46,52,85,11,70,55.333,хорошо
59,34,25,3,87,80,48.0,хорошо
79,30,17,38,12,12,31.333,хорошо
64,73,73,12,27,43,48.667,хорошо
7,48,38,38,22,5,26.333,удовлетворительно
94,81,62,81,78,55,75.167,отлично
89,82,23,43,4,76,52.833,хорошо
89,79,38,4,58,61,54.833,хорошо
3,45,14,8,53,57,30.0,хорошо
4,99,31,81,3,3,36.833,хорошо
38,98,6,30,46,96,52.333,хорошо
90,8,15,42,49,45,41.5,хорошо
64,87,40,27,70,95,63.833,отлично
93,6,78,34,69,62,57.0,хорошо
43,33,27,77,54,66,50.0,хорошо
13,21,8,69,65,53,38.167,хорошо
26,40,48,4,86,53,42.833,хорошо
36,7,32,96,1,84,42.667,хорошо
6,33,63,78,59,34,45.5,хорошо
67,16,62,19,22,35,36.833,хорошо
60,50,89,0,66,16,46.833,хорошо
96,11,21,79,87,17,51.833,хорошо
39,9,5,86,31,35,34.167,хорошо
16,10,79,99,27,45,46.0,хорошо
63,39,20,92,7,1,37.0,хорошо
26,21,5,23,58,80,35.5,хорошо
77,23,66,74,88,99,71.167,отлично
29,53,41,63,81,64,55.167,хорошо
70,39,34,14,18,21,32.667,хорошо
6,42,21,21,23,60,28.833,удовлетворительно
74,17,35,61,53,94,55.667,хорошо
41,54,94,65,84,89,71.167,отлично
74,26,37,80,44,22,47.167,хорошо
88,23,14,87,70,40,53.667,хорошо
47,94,16,49,10,19,39.167,хорошо
47,74,14,17,28,13,32.167,хорошо
72,39,36,15,45,53,43.333,хорошо
93,18,15,65,96,88,62.5,отлично
42,73,69,57,24,37,50.333,хорошо
13,69,28,70,1,54,39.167,хорошо
43,25,62,37,66,86,53.167,хорошо
6,44,26,88,79,66,51.5,хорошо
50,51,64,6,98,73,57.0,хорошо
71,34,21,15,49,75,44.167,хорошо
85,39,4,31,58,64,46.833,хорошо
41,65,13,13,37,90,43.167,хорошо
93,74,66,56,24,40,58.833,хорошо
86,1,83,13,67,84,55.667,хорошо
17,5,60,17,34,69,33.667,хорошо
36,11,43,92,71,41,49.0,хорошо
20,88,94,5,67,50,54.0,хорошо
93,22,78,96,85,5,63.167,отлично
36,27,6,98,74,28,44.833,хорошо
57,55,66,5,92,28,50.5,хорошо
89,34,69,36,13,98,56.5,хорошо
36,16,84,1,74,14,37.5,хорошо
45,85,47,10,84,9,46.667,хорошо
0,70,0,17,87,67,40.167,хорошо
93,40,46,28,87,69,60.5,отлично
21,96,19,40,98,69,57.167,хорошо
95,32,0,44,86,42,49.833,хорошо
16,22,99,31,45,12,37.5,хорошо
79,26,94,72,20,89,63.333,отлично
95,20,97,97,7,91,67.833,отлично
9,1,55,64,67,73,44.833,хорошо
97,43,23,78,45,62,58.0,хорошо
44,81,38,53,23,84,53.833,хорошо
10,14,36,79,26,47,35.333,хорошо
25,29,97,24,38,29,40.333,хорошо
76,85,9,42,94,66,62.0,отлично
38,16,90,24,38,6,35.333,хорошо
16,87,69,57,2,24,42.5,хорошо
16,1,34,67,5,6,21.5,удовлетворительно
44,64,98,71,62,36,62.5,отлично
27,14,39,95,71,59,50.833,хорошо
43,89,43,92,68,4,56.5,хорошо
26,47,31,40,60,66,45.0,хорошо
45,82,21,63,42,10,43.833,хорошо
45,38,70,72,59,37,53.5,хорошо
15,83,54,46,76,63,56.167,хорошо
92,51,60,67,93,22,64.167,отлично
46,70,99,95,16,28,59.0,хорошо
32,13,50,29,11,9,24.0,удовлетворительно
33,9,7,99,27,66,40.167,хорошо
39,66,17,68,88,43,53.5,хорошо
54,31,6,42,57,77,44.5,хорошо
93,74,82,68,2,54,62.167,отлично
64,11,8,24,74,77,43.0,хорошо
75,55,37,65,59,41,55.333,хорошо
97,49,2,36,43,85,52.0,хорошо
87,65,12,44,85,67,60.0,отлично
16,55,25,51,72,37,42.667,хорошо
36,60,32,51,49,91,53.167,хорошо
28,53,99,61,65,86,65.333,отлично
26,56,2,45,35,29,32.167,хорошо
16,83,71,62,52,75,59.833,хорошо
93,39,3,1,3,94,38.833,хорошо
84,1,70,17,71,65,51.333,хорошо
88,28,27,87,88,81,66.5,отлично
25,93,40,13,13,67,41.833,хорошо
97,20,79,51,73,29,58.167,хорошо
21,34,65,65,19,11,35.833,хорошо
2,82,82,79,94,71,68.333,отлично
10,90,83,70,71,90,69.0,отлично
48,56,65,27,54,77,54.5,хорошо
67,80,6,63,62,19,49.5,хорошо
10,1,46,22,1,26,17.667,удовлетворительно
68,74,82,63,0,59,57.667,хорошо
35,23,29,83,52,93,52.5,хорошо
29,89,11,95,35,26,47.5,хорошо
38,93,18,58,73,1,46.833,хорошо
0,94,58,8,53,46,43.167,хорошо
17,78,44,24,85,52,50.0,хорошо
25,4,41,34,34,27,27.5,удовлетворительно
34,75,86,20,87,25,54.5,хорошо
17,64,97,42,94,11,54.167,хорошо
28,56,77,62,51,45,53.167,хорошо
56,39,31,8,76,50,43.333,хорошо
72,61,11,45,78,40,51.167,хорошо
50,22,81,75,55,78,60.167,отлично
67,12,47,17,72,62,46.167,хорошо
16,23,62,85,82,81,58.167,хорошо
28,84,60,51,13,5,40.167,хорошо
51,76,46,32,32,0,39.5,хорошо
18,86,54,1,50,63,45.333,хорошо
68,99,86,24,93,64,72.333,отлично
95,86,28,82,6,12,51.5,хорошо
53,98,43,91,25,98,68.0,отлично
54,98,8,27,79,19,47.5,хорошо
0,21,64,95,43,89,52.0,хорошо
89,31,7,36,49,36,41.333,хорошо
77,9,80,4,18,97,47.5,хорошо
10,82,96,48,59,57,58.667,хорошо
27,54,54,90,48,6,46.5,хорошо
68,95,56,50,29,40,56.333,хорошо
8,95,11,95,74,20,50.5,хорошо
65,6,52,59,12,95,48.167,хорошо
44,90,76,97,10,53,61.667,отлично
73,5,88,25,40,91,53.667,хорошо
77,95,86,73,9,49,64.833,отлично
45,44,79,27,19,13,37.833,хорошо
35,0,46,32,72,55,40.0,хорошо
51,47,38,43,57,38,45.667,хорошо
60,33,96,26,50,46,51.833,хорошо
4,14,87,21,90,27,40.5,хорошо
36,19,2,7,4,8,12.667,удовлетворительно
69,26,71,96,1,92,59.167,хорошо
89,66,47,6,82,72,60.333,отлично
70,2,54,83,31,91,55.167,хорошо
19,27,43,67,46,4,34.333,хорошо
19,82,51,27,62,73,52.333,хорошо
40,56,43,41,64,79,53.833,хорошо
4,20,40,56,90,11,36.833,хорошо
16,47,43,24,79,8,36.167,хорошо
24,94,2,63,62,85,55.0,хорошо
25,15,88,80,56,70,55.667,хорошо
9,10,9,6,99,67,33.333,хорошо
9,76,67,22,46,35,42.5,хорошо
46,70,5,12,69,62,44.0,хорошо
62,60,71,31,53,77,59.0,хорошо
5,86,11,32,9,9,25.333,удовлетворительно
20,14,90,50,45,60,46.5,хорошо
23,3,4,97,26,49,33.667,хорошо
36,88,88,65,20,9,51.0,хорошо
97,70,10,76,6,76,55.833,хорошо
12,59,24,4,69,79,41.167,хорошо
96,74,90,11,82,57,68.333,отлично
31,64,16,81,21,32,40.833,хорошо
52,45,88,33,1,59,46.333,хорошо
63,78,97,82,87,0,67.833,отлично
80,93,23,27,84,87,65.667,отлично
21,34,80,11,8,1,25.833,удовлетворительно
5,22,51,47,78,90,48.833,хорошо
43,91,0,95,4,20,42.167,хорошо
87,69,73,50,39,49,61.167,отлично
34,41,74,18,44,66,46.167,хорошо
72,6,55,51,33,77,49.0,хорошо
9,60,7,80,55,19,38.333,хорошо
52,60,3,66,99,51,55.167,хорошо
98,88,17,69,68,74,69.0,отлично
52,71,52,30,69,92,61.0,отлично
31,71,99,49,90,7,57.833,хорошо
87,67,68,64,36,29,58.5,хорошо
68,27,52,8,63,86,50.667,хорошо
9,18,38,28,30,19,23.667,удовлетворительно
52,41,16,63,89,2,43.833,хорошо
40,23,53,89,75,96,62.667,отлично
12,82,99,20,95,71,63.167,отлично
84,81,83,5,42,1,49.333,хорошо
54,89,44,23,40,0,41.667,хорошо
76,66,1,95,13,93,57.333,хорошо
95,6,29,28,38,44,40.0,хорошо
29,85,93,47,62,87,67.167,отлично
69,28,41,85,74,26,53.833,хорошо
61,49,42,39,40,57,48.0,хорошо
98,6,50,40,33,32,43.167,хорошо
65,86,48,97,5,90,65.167,отлично
95,58,69,51,63,53,64.833,отлично
26,57,9,4,80,29,34.167,хорошо
47,55,74,46,26,6,42.333,хорошо
21,26,4,17,75,93,39.333,хорошо
12,4,46,85,99,68,52.333,хорошо
84,68,74,96,7,18,57.833,хорошо
87,36,20,60,16,75,49.0,хорошо
91,84,34,41,29,48,54.5,хорошо
99,10,66,34,28,19,42.667,хорошо
77,37,68,82,13,96,62.167,отлично
90,19,17,54,27,76,47.167,хорошо
28,15,32,28,60,75,39.667,хорошо
30,33,71,73,73,51,55.167,хорошо
93,82,29,0,75,78,59.5,хорошо
81,22,55,53,32,62,50.833,хорошо
76,0,84,22,79,79,56.667,хорошо
14,91,32,67,53,56,52.167,хорошо
10,57,42,8,76,24,36.167,хорошо
18,58,30,29,48,7,31.667,хорошо
47,5,90,12,99,57,51.667,хорошо
17,49,79,55,35,89,54.0,хорошо
61,50,28,9,32,63,40.5,хорошо
81,97,30,15,19,73,52.5,хорошо
42,42,93,92,5,68,57.0,хорошо
49,61,50,37,91,40,54.667,хорошо
98,95,6,75,70,14,59.667,хорошо
41,24,19,91,17,45,39.5,хорошо
99,86,85,96,24,9,66.5,отлично
8,64,89,22,9,28,36.667,хорошо
72,67,95,92,46,74,74.333,отлично
21,92,56,7,96,94,61.0,отлично
91,27,55,98,41,35,57.833,хорошо
36,14,12,8,43,95,34.667,хорошо
24,65,97,39,19,50,49.0,хорошо
91,76,46,29,90,57,64.833,отлично
68,17,16,99,32,11,40.5,хорошо
64,33,3,28,88,97,52.167,хорошо
91,11,13,13,22,87,39.5,хорошо
46,86,66,41,97,61,66.167,отлично
55,22,59,35,20,3,32.333,хорошо
5,16,60,87,97,83,58.0,хорошо
35,12,19,57,31,9,27.167,удовлетворительно
98,81,6,97,27,44,58.833,хорошо
43,89,94,98,46,74,74.0,отлично
17,34,95,8,62,10,37.667,хорошо
27,30,35,10,54,10,27.667,удовлетворительно
78,63,90,71,75,85,77.0,отлично
6,71,5,61,84,75,50.333,хорошо
17,47,28,48,89,38,44.5,хорошо
58,44,20,68,40,34,44.0,хорошо
36,70,76,59,7,9,42.833,хорошо
61,92,45,83,34,77,65.333,отлично
37,24,67,46,2,55,38.5,хорошо
17,62,84,42,45,70,53.333,хорошо
39,73,27,12,71,34,42.667,хорошо
42,80,38,77,90,59,64.333,отлично
20,77,66,35,72,41,51.833,хорошо
61,84,58,67,17,78,60.833,отлично
92,52,23,17,81,42,51.167,хорошо
62,71,84,34,42,60,58.833,хорошо
64,88,19,60,10,32,45.5,хорошо
5,81,67,88,33,73,57.833,хорошо
79,80,2,64,8,2,39.167,хорошо
93,4,35,26,54,36,41.333,хорошо
72,63,86,6,44,22,48.833,хорошо
37,16,72,17,45,33,36.667,хорошо
65,90,41,78,3,68,57.5,хорошо
10,32,37,46,56,59,40.0,хорошо
49,80,57,42,59,70,59.5,хорошо
81,60,83,34,76,2,56.0,хорошо
19,51,39,93,1,35,39.667,хорошо
98,88,39,57,87,3,62.0,отлично
30,79,51,3,51,19,38.833,хорошо
83,62,70,92,0,67,62.333,отлично
83,63,51,74,88,33,65.333,отлично
31,82,63,14,77,32,49.833,хорошо
34,81,99,26,40,87,61.167,отлично
3,74,50,12,72,85,49.333,хорошо
38,26,97,34,69,30,49.0,хорошо
73,15,60,74,58,18,49.667,хорошо
12,99,4,82,13,12,37.0,хорошо
83,16,54,15,91,20,46.5,хорошо
41,98,11,36,76,93,59.167,хорошо
94,5,32,58,17,19,37.5,хорошо
2,60,34,80,15,82,45.5,хорошо
33,7,19,62,9,33,27.167,удовлетворительно
10,1,97,3,96,73,46.667,хорошо
72,71,5,18,64,13,40.5,хорошо
4,9,7,35,83,74,35.333,хорошо
61,93,80,44,27,41,57.667,хорошо
33,22,40,4,74,80,42.167,хорошо
79,94,26,50,64,54,61.167,отлично
62,12,87,73,30,15,46.5,хорошо
76,8,53,65,5,65,45.333,хорошо
95,91,14,85,85,3,62.167,отлично
97,17,54,73,60,85,64.333,отлично
18,95,41,94,6,66,53.333,хорошо
0,57,76,71,35,45,47.333,хорошо
17,22,84,27,23,64,39.5,хорошо
64,40,55,50,7,41,42.833,хорошо
92,27,19,64,41,82,54.167,хорошо
23,73,73,61,79,71,63.333,отлично
43,73,55,8,63,27,44.833,хорошо
0,28,56,91,61,23,43.167,хорошо
26,67,28,56,44,1,37.0,хорошо
60,40,34,64,9,46,42.167,хорошо
82,68,86,68,49,65,69.667,отлично
28,37,3,28,68,22,31.0,хорошо
25,51,96,1,68,53,49.0,хорошо
76,98,64,80,33,26,62.833,отлично
44,39,21,65,96,92,59.5,хорошо
60,11,85,49,73,81,59.833,хорошо
78,7,53,15,29,33,35.833,хорошо
56,25,17,18,63,99,46.333,хорошо
81,14,10,61,44,16,37.667,хорошо
24,72,5,51,45,50,41.167,хорошо
37,74,81,10,84,82,61.333,отлично
71,25,96,91,37,33,58.833,хорошо
50,44,53,66,29,36,46.333,хорошо
90,88,50,45,75,9,59.5,хорошо
56,69,48,4,32,19,38.0,хорошо
78,18,80,51,49,26,50.333,хорошо
73,27,68,57,73,35,55.5,хорошо
53,15,23,12,71,45,36.5,хорошо
5,35,97,14,56,85,48.667,хорошо
13,85,76,74,71,63,63.667,отлично
25,29,16,7,41,50,28.0,удовлетворительно
76,96,83,50,45,28,63.0,отлично
5,47,4,8,28,61,25.5,удовлетворительно
71,21,96,47,24,4,43.833,хорошо
80,50,76,46,9,10,45.167,хорошо
83,48,98,26,62,68,64.167,отлично
36,20,73,88,94,67,63.0,отлично
99,18,55,10,92,56,55.0,хорошо
84,5,88,91,88,1,59.5,хорошо
72,64,64,69,53,18,56.667,хорошо
77,6,25,63,15,61,41.167,хорошо
56,58,24,83,38,12,45.167,хорошо
46,30,60,98,96,36,61.0,отлично
71,33,13,70,72,80,56.5,хорошо
88,99,21,11,97,27,57.167,хорошо
40,57,79,68,1,5,41.667,хорошо
65,7,28,47,9,45,33.5,хорошо
12,85,6,85,56,7,41.833,хорошо
61,83,89,80,47,20,63.333,отлично
70,51,44,39,2,40,41.0,хорошо
72,41,45,21,87,59,54.167,хорошо
39,77,87,12,77,46,56.333,хорошо
77,11,21,87,46,4,41.0,хорошо
56,96,4,46,77,34,52.167,хорошо
98,98,85,3,79,12,62.5,отлично
91,43,27,39,68,86,59.0,хорошо
9,48,85,67,8,15,38.667,хорошо
34,84,97,47,66,66,65.667,отлично
41,32,85,18,24,93,48.833,хорошо
86,73,1,41,26,66,48.833,хорошо
76,88,92,54,11,84,67.5,отлично
78,99,61,83,18,21,60.0,отлично
93,7,91,53,47,59,58.333,хорошо
17,33,59,39,68,69,47.5,хорошо
49,33,10,3,90,86,45.167,хорошо
73,57,17,31,82,30,48.333,хорошо
94,85,92,93,46,71,80.167,отлично
50,33,13,37,30,73,39.333,хорошо
86,31,90,81,3,13,50.667,хорошо
51,31,91,17,24,2,36.0,хорошо
75,29,98,20,66,15,50.5,хорошо
97,4,79,91,19,82,62.0,отлично
29,41,89,93,24,4,46.667,хорошо
38,34,47,93,77,72,60.167,отлично
25,15,31,59,63,60,42.167,хорошо
11,31,66,95,55,29,47.833,хорошо
55,32,99,53,63,75,62.833,отлично
35,15,5,37,46,32,28.333,удовлетворительно
18,15,17,61,98,54,43.833,хорошо
15,31,80,23,27,14,31.667,хорошо
78,52,46,42,42,32,48.667,хорошо
61,80,39,12,30,65,47.833,хорошо
82,75,63,63,21,53,59.5,хорошо
24,36,20,98,30,53,43.5,хорошо
45,35,33,88,67,2,45.0,хорошо
6,88,65,96,58,91,67.333,отлично
4,43,65,59,14,27,35.333,хорошо
29,37,97,44,91,7,50.833,хорошо
44,46,70,69,79,13,53.5,хорошо
51,47,66,4,67,25,43.333,хорошо
29,20,28,4,58,28,27.833,удовлетворительно
35,43,78,79,22,83,56.667,хорошо
52,26,89,94,62,59,63.667,отлично
27,15,61,66,70,88,54.5,хорошо
29,70,38,93,76,26,55.333,хорошо
11,5,86,73,39,72,47.667,хорошо
78,29,14,31,43,68,43.833,хорошо
9,23,72,75,40,34,42.167,хорошо
11,19,97,44,68,57,49.333,хорошо
93,69,34,10,88,17,51.833,хорошо
49,15,68,60,5,53,41.667,хорошо
33,87,48,95,31,83,62.833,отлично
83,37,4,47,99,86,59.333,хорошо
43,0,43,46,11,30,28.833,удовлетворительно
16,3,73,16,94,12,35.667,хорошо
21,94,64,26,43,42,48.333,хорошо
76,59,3,25,27,26,36.0,хорошо
17,6,16,92,20,21,28.667,удовлетворительно
78,14,2,42,8,51,32.5,хорошо
53,3,32,77,71,75,51.833,хорошо
16,71,40,71,48,98,57.333,хорошо
91,32,6,49,36,26,40.0,хорошо
34,13,67,75,1,12,33.667,хорошо
63,55,48,82,83,52,63.833,отлично
52,43,0,8,27,88,36.333,хорошо
28,30,73,10,90,58,48.167,хорошо
98,57,68,98,62,39,70.333,отлично
79,30,41,98,21,89,59.667,хорошо
10,60,28,31,82,91,50.333,хорошо
26,80,26,21,15,26,32.333,хорошо
62,23,14,99,66,82,57.667,хорошо
4,35,67,10,83,82,46.833,хорошо
38,92,98,79,42,41,65.0,отлично
82,40,69,28,17,48,47.333,хорошо
21,65,19,19,42,24,31.667,хорошо
69,12,99,68,98,76,70.333,отлично
36,74,40,84,56,43,55.5,хорошо
25,2,46,76,1,35,30.833,хорошо
51,65,47,77,7,6,42.167,хорошо
34,37,5,22,22,50,28.333,удовлетворительно
46,13,15,43,78,49,40.667,хорошо
72,80,1,23,67,23,44.333,хорошо
96,4,73,65,88,39,60.833,отлично
64,32,49,18,79,21,43.833,хорошо
47,90,14,56,45,28,46.667,хорошо
72,84,49,69,52,87,68.833,отлично
46,50,56,76,72,46,57.667,хорошо
72,35,86,51,37,91,62.0,отлично
68,78,87,70,47,35,64.167,отлично
21,42,55,4,1,52,29.167,удовлетворительно
96,48,99,71,64,31,68.167,отлично
4,96,51,55,40,90,56.0,хорошо
88,2,40,85,74,96,64.167,отлично
50,56,72,12,80,85,59.167,хорошо
34,42,41,8,22,93,40.0,хорошо
31,7,61,60,77,32,44.667,хорошо
30,81,44,86,74,26,56.833,хорошо
72,22,93,5,58,51,50.167,хорошо
43,59,38,75,89,75,63.167,отлично
99,28,74,19,76,44,56.667,хорошо
57,42,14,75,99,18,50.833,хорошо
45,77,64,37,53,27,50.5,хорошо
97,77,21,70,54,67,64.333,отлично
52,23,59,24,57,19,39.0,хорошо
66,42,20,57,32,53,45.0,хорошо
26,78,82,79,17,48,55.0,хорошо
15,87,18,50,88,60,53.0,хорошо
24,63,44,57,69,79,56.0,хорошо
44,85,51,49,94,92,69.167,отлично
86,69,20,22,65,42,50.667,хорошо
20,94,30,65,30,11,41.667,хорошо
50,57,3,83,2,76,45.167,хорошо
17,36,74,88,38,79,55.333,хорошо
17,19,64,31,93,58,47.0,хорошо
79,25,50,82,62,8,51.0,хорошо
84,40,50,45,37,14,45.0,хорошо
51,29,99,43,21,39,47.0,хорошо
36,88,90,66,96,32,68.0,отлично
48,82,87,80,46,84,71.167,отлично
77,70,84,50,33,11,54.167,хорошо
78,71,66,91,87,73,77.667,отлично
45,40,98,54,95,78,68.333,отлично
0,34,9,83,51,39,36.0,хорошо
72,40,84,60,35,37,54.667,хорошо
42,57,0,73,81,37,48.333,хорошо
85,89,95,36,35,45,64.167,отлично
2,67,55,69,74,57,54.0,хорошо
88,26,17,11,23,38,33.833,хорошо
1,0,42,85,45,55,38.0,хорошо
55,57,79,57,61,56,60.833,отлично
35,86,83,67,8,94,62.167,отлично
74,58,95,78,22,92,69.833,отлично
68,44,37,49,71,84,58.833,хорошо
53,0,76,46,64,87,54.333,хорошо
54,29,56,44,5,84,45.333,хорошо
23,55,69,42,8,99,49.333,хорошо
58,64,59,14,17,13,37.5,хорошо
41,71,47,48,12,58,46.167,хорошо
49,34,50,53,35,88,51.5,хорошо
84,20,33,41,56,28,43.667,хорошо
9,97,18,79,57,36,49.333,хорошо
5,2,12,16,33,68,22.667,удовлетворительно
45,77,34,49,13,80,49.667,хорошо
52,77,75,12,23,96,55.833,хорошо
42,83,70,63,0,13,45.167,хорошо
88,63,34,55,21,15,46.0,хорошо
75,90,38,7,35,49,49.0,хорошо
24,20,62,57,91,22,46.0,хорошо
66,35,39,39,45,47,45.167,хорошо
69,71,14,44,22,33,42.167,хорошо
97,79,10,16,15,22,39.833,хорошо
73,52,13,98,51,48,55.833,хорошо
24,51,28,77,5,39,37.333,хорошо
1,44,57,99,67,44,52.0,хорошо
2,6,71,54,82,77,48.667,хорошо
97,85,45,52,19,89,64.5,отлично
35,49,95,37,49,14,46.5,хорошо
61,32,50,33,53,3,38.667,хорошо
95,1,61,38,61,63,53.167,хорошо
93,43,56,70,54,28,57.333,хорошо
76,39,49,18,63,19,44.0,хорошо
38,7,2,96,42,44,38.167,хорошо
28,60,37,93,60,89,61.167,отлично
25,50,47,42,21,98,47.167,хорошо
50,92,69,20,64,58,58.833,хорошо
92,7,64,47,9,18,39.5,хорошо
7,44,47,61,66,46,45.167,хорошо
70,87,8,20,74,39,49.667,хорошо
61,38,49,3,44,54,41.5,хорошо
66,71,44,21,64,12,46.333,хорошо
50,89,29,65,28,88,58.167,хорошо
45,82,31,71,50,42,53.5,хорошо
16,31,23,24,55,17,27.667,удовлетворительно
11,70,87,69,39,25,50.167,хорошо
74,14,6,1,65,46,34.333,хорошо
80,36,82,24,66,56,57.333,хорошо
46,19,72,39,82,25,47.167,хорошо
24,42,51,9,32,56,35.667,хорошо
49,56,20,4,8,30,27.833,удовлетворительно
72,69,25,71,25,77,56.5,хорошо
30,73,70,73,79,89,69.0,отлично
34,42,24,3,96,4,33.833,хорошо
75,11,96,95,25,4,51.0,хорошо
38,55,18,63,79,34,47.833,хорошо
19,17,43,48,35,17,29.833,удовлетворительно
56,16,15,88,23,87,47.5,хорошо
1,84,78,81,22,39,50.833,хорошо
64,59,29,97,77,4,55.0,хорошо
32,58,59,55,77,95,62.667,отлично
12,42,32,76,69,11,40.333,хорошо
51,8,88,80,52,57,56.0,хорошо
74,39,15,94,98,54,62.333,отлично
1,46,92,67,59,27,48.667,хорошо
17,55,73,14,81,42,47.0,хорошо
95,62,7,81,58,85,64.667,отлично
69,39,1,86,36,51,47.0,хорошо
99,50,74,21,69,53,61.0,отлично
64,63,25,7,37,66,43.667,хорошо
37,24,80,43,31,66,46.833,хорошо
73,25,30,28,74,28,43.0,хорошо
66,34,44,6,50,24,37.333,хорошо
46,65,10,27,41,59,41.333,хорошо
78,54,6,27,82,8,42.5,хорошо
58,47,9,16,31,0,26.833,удовлетворительно
54,17,0,67,68,96,50.333,хорошо
5,71,22,77,72,71,53.0,хорошо
82,59,61,21,49,66,56.333,хорошо
65,74,44,36,79,49,57.833,хорошо
11,78,1,80,96,99,60.833,отлично
60,8,85,67,56,58,55.667,хорошо
97,76,0,26,33,52,47.333,хорошо
5,75,52,90,69,26,52.833,хорошо
7,71,9,98,98,20,50.5,хорошо
9,59,81,63,70,98,63.333,отлично
49,91,85,82,62,55,70.667,отлично
0,35,6,61,75,4,30.167,хорошо
94,26,64,93,40,27,57.333,хорошо
10,2,15,65,54,81,37.833,хорошо
13,26,84,36,23,47,38.167,хорошо
65,66,72,62,78,94,72.833,отлично
27,19,73,16,30,65,38.333,хорошо
87,96,98,7,84,10,63.667,отлично
49,64,17,16,5,12,27.167,удовлетворительно
14,57,32,23,42,30,33.0,хорошо
7,25,44,7,54,57,32.333,хорошо
99,26,32,94,81,61,65.5,отлично
73,91,70,26,54,19,55.5,хорошо
86,5,62,88,37,84,60.333,отлично
37,14,20,72,22,64,38.167,хорошо
65,18,87,73,78,78,66.5,отлично
77,81,57,68,92,14,64.833,отлично
58,2,83,41,30,43,42.833,хорошо
97,33,99,66,61,71,71.167,отлично
2,27,30,81,48,1,31.5,хорошо
33,65,80,50,52,80,60.0,отлично
51,47,68,29,29,64,48.0,хорошо
29,80,32,71,73,75,60.0,отлично
46,44,56,5,38,48,39.5,хорошо
58,1,83,62,79,88,61.833,отлично
51,22,66,45,58,86,54.667,хорошо
84,79,86,69,79,77,79.0,отлично
82,14,37,42,15,80,45.0,хорошо
60,40,46,60,15,16,39.5,хорошо
69,54,41,39,85,10,49.667,хорошо
66,27,29,0,31,45,33.0,хорошо
66,67,36,55,88,42,59.0,хорошо
92,21,22,42,89,59,54.167,хорошо
42,18,40,35,93,86,52.333,хорошо
88,3,96,84,25,86,63.667,отлично
97,46,99,7,97,10,59.333,хорошо
44,46,0,79,88,78,55.833,хорошо
50,94,65,8,18,49,47.333,хорошо
15,40,51,35,5,77,37.167,хорошо
27,10,90,52,40,57,46.0,хорошо
59,38,97,12,85,40,55.167,хорошо
49,49,27,2,49,17,32.167,хорошо
28,37,54,90,77,21,51.167,хорошо
6,79,10,43,28,53,36.5,хорошо
62,42,50,32,10,93,48.167,хорошо
98,64,96,64,52,22,66.0,отлично
34,58,89,65,35,74,59.167,хорошо
61,34,91,11,19,50,44.333,хорошо
22,50,55,85,25,20,42.833,хорошо
67,5,1,41,61,2,29.5,удовлетворительно
69,95,58,21,44,47,55.667,хорошо
73,21,74,73,30,84,59.167,хорошо
69,40,36,50,26,65,47.667,хорошо
87,74,77,16,37,32,53.833,хорошо
37,0,20,99,11,98,44.167,хорошо
54,9,65,33,8,86,42.5,хорошо
82,41,45,42,95,78,63.833,отлично
29,99,48,49,16,67,51.333,хорошо
72,97,59,75,8,6,52.833,хорошо
56,69,64,12,82,66,58.167,хорошо
76,57,52,79,36,83,63.833,отлично
94,87,56,90,51,8,64.333,отлично
4,79,11,52,85,67,49.667,хорошо
47,76,58,20,16,87,50.667,хорошо
12,65,89,52,37,24,46.5,хорошо
56,41,57,48,11,24,39.5,хорошо
21,46,56,61,81,47,52.0,хорошо
2,53,17,95,73,10,41.667,хорошо
66,10,50,96,63,24,51.5,хорошо
17,3,80,75,76,50,50.167,хорошо
10,42,62,74,46,40,45.667,хорошо
76,30,51,60,14,23,42.333,хорошо
64,65,8,1,0,95,38.833,хорошо
53,31,19,5,92,89,48.167,хорошо
0,32,92,5,72,88,48.167,хорошо
54,77,40,3,38,4,36.0,хорошо
10,72,46,80,91,74,62.167,отлично
45,48,6,32,11,2,24.0,удовлетворительно
75,45,14,17,7,28,31.0,хорошо
41,49,68,58,76,69,60.167,отлично
45,91,32,45,31,70,52.333,хорошо
55,11,2,47,19,89,37.167,хорошо
45,13,73,80,74,34,53.167,хорошо
10,55,91,18,86,94,59.0,хорошо
15,15,76,85,59,67,52.833,хорошо
41,91,54,75,26,75,60.333,отлично
50,66,41,48,19,71,49.167,хорошо
16,9,89,81,93,59,57.833,хорошо
63,58,24,23,84,88,56.667,хорошо
60,77,35,50,49,77,58.0,хорошо
72,67,64,49,78,38,61.333,отлично
13,15,75,68,18,86,45.833,хорошо
15,69,15,45,33,71,41.333,хорошо
9,25,3,26,53,92,34.667,хорошо
88,75,2,17,74,37,48.833,хорошо
46,18,93,95,73,73,66.333,отлично
99,90,61,54,43,86,72.167,отлично
12,56,69,49,14,38,39.667,хорошо
20,72,56,47,70,21,47.667,хорошо
23,96,6,83,51,41,50.0,хорошо
35,62,31,79,84,80,61.833,отлично
22,27,82,98,51,26,51.0,хорошо
45,61,81,5,91,90,62.167,отлично
52,43,50,98,22,51,52.667,хорошо
2,94,6,48,23,33,34.333,хорошо
79,2,70,44,51,62,51.333,хорошо
76,73,47,92,14,34,56.0,хорошо
22,79,20,63,18,24,37.667,хорошо
96,57,30,46,82,71,63.667,отлично
57,0,58,63,98,55,55.167,хорошо
82,70,38,85,86,45,67.667,отлично
26,34,85,51,45,39,46.667,хорошо
28,66,15,61,3,97,45.0,хорошо
69,87,69,60,38,5,54.667,хорошо
26,36,68,76,69,69,57.333,хорошо
45,56,1,79,84,99,60.667,отлично
74,19,44,90,27,6,43.333,хорошо
85,5,6,14,43,81,39.0,хорошо
57,4,88,17,91,3,43.333,хорошо
41,31,19,41,20,67,36.5,хорошо
84,51,97,10,5,45,48.667,хорошо
26,84,6,39,66,96,52.833,хорошо
39,97,19,87,67,52,60.167,отлично
33,1,68,59,5,47,35.5,хорошо
49,52,1,95,81,62,56.667,хорошо
89,68,88,52,28,43,61.333,отлично
10,37,30,51,7,96,38.5,хорошо
32,50,50,25,32,68,42.833,хорошо
91,53,23,80,72,55,62.333,отлично
93,79,33,86,3,26,53.333,хорошо
63,67,0,82,72,75,59.833,хорошо
16,15,49,11,73,55,36.5,хорошо
73,6,7,94,3,67,41.667,хорошо
73,94,81,2,5,57,52.0,хорошо
77,92,97,89,63,60,79.667,отлично
50,4,46,72,11,66,41.5,хорошо
70,43,37,32,12,21,35.833,хорошо
18,88,12,40,58,88,50.667,хорошо
79,49,95,21,51,10,50.833,хорошо
15,94,16,49,65,96,55.833,хорошо
95,25,11,53,42,71,49.5,хорошо
93,44,47,2,60,2,41.333,хорошо
40,41,96,62,7,28,45.667,хорошо
6,59,75,11,38,26,35.833,хорошо
74,14,58,49,16,3,35.667,хорошо
71,47,52,9,80,99,59.667,хорошо
14,7,57,99,27,7,35.167,хорошо
26,79,72,51,14,35,46.167,хорошо
8,59,80,72,65,40,54.0,хорошо
9,89,66,68,81,5,53.0,хорошо
6,37,37,62,38,35,35.833,хорошо
29,29,43,39,97,25,43.667,хорошо
83,40,90,20,51,65,58.167,хорошо
56,31,3,91,71,24,46.0,хорошо
68,91,76,33,13,11,48.667,хорошо
64,66,36,17,50,63,49.333,хорошо
57,80,39,36,12,89,52.167,хорошо
98,66,75,83,76,45,73.833,отлично
56,8,30,18,49,79,40.0,хорошо
34,13,1,26,76,47,32.833,хорошо
67,36,20,95,77,20,52.5,хорошо
33,57,85,84,91,50,66.667,отлично
85,89,1,42,23,4,40.667,хорошо
42,71,52,50,49,30,49.0,хорошо
80,66,10,22,16,37,38.5,хорошо
34,76,33,85,16,21,44.167,хорошо
0,68,62,64,89,72,59.167,хорошо
91,37,22,78,29,80,56.167,хорошо
39,56,25,62,18,32,38.667,хорошо
73,37,33,40,25,29,39.5,хорошо
81,82,85,92,74,74,81.333,отлично
72,29,72,76,6,21,46.0,хорошо
82,28,34,40,82,44,51.667,хорошо
96,13,9,68,36,99,53.5,хорошо
54,64,58,8,52,10,41.0,хорошо
58,57,3,69,90,25,50.333,хорошо
22,15,25,30,82,93,44.5,хорошо
11,36,36,77,73,11,40.667,хорошо
83,29,15,71,17,43,43.0,хорошо
98,50,84,89,41,83,74.167,отлично
90,15,72,13,96,65,58.5,хорошо
9,16,24,77,30,99,42.5,хорошо
45,20,21,56,53,93,48.0,хорошо
31,14,92,25,19,19,33.333,хорошо
36,42,77,71,37,40,50.5,хорошо
97,11,57,21,21,96,50.5,хорошо
15,30,39,5,83,78,41.667,хорошо
69,56,64,26,47,40,50.333,хорошо
71,55,27,33,7,2,32.5,хорошо
19,88,63,41,48,46,50.833,хорошо
8,98,64,10,0,9,31.5,хорошо
25,32,1,33,4,45,23.333,удовлетворительно
16,58,16,19,17,85,35.167,хорошо
29,61,60,37,40,27,42.333,хорошо
22,95,53,28,70,30,49.667,хорошо
35,22,42,78,43,86,51.0,хорошо
3,88,52,62,57,50,52.0,хорошо
75,95,99,80,18,56,70.5,отлично
71,48,87,65,83,81,72.5,отлично
33,24,84,21,24,95,46.833,хорошо
9,46,3,9,31,33,21.833,удовлетворительно
29,22,66,53,80,95,57.5,хорошо
90,6,87,3,10,85,46.833,хорошо
50,42,29,13,37,94,44.167,хорошо
1,13,35,65,82,78,45.667,хорошо
15,60,14,10,36,26,26.833,удовлетворительно
66,89,73,10,60,62,60.0,отлично
4,46,68,29,13,33,32.167,хорошо
77,43,62,85,20,62,58.167,хорошо
91,18,55,87,60,45,59.333,хорошо
45,50,39,21,7,5,27.833,удовлетворительно
50,31,65,18,7,25,32.667,хорошо
33,98,59,4,6,98,49.667,хорошо
33,28,46,29,73,72,46.833,хорошо
27,66,93,31,94,63,62.333,отлично
67,50,49,53,72,82,62.167,отлично
17,56,62,89,45,64,55.5,хорошо
16,45,91,68,88,47,59.167,хорошо
35,12,86,23,35,48,39.833,хорошо
62,50,63,44,32,87,56.333,хорошо
23,21,44,54,55,67,44.0,хорошо
48,27,77,36,80,34,50.333,хорошо
66,39,2,47,54,76,47.333,хорошо
80,29,77,78,79,8,58.5,хорошо
19,25,17,51,54,53,36.5,хорошо
11,25,45,80,83,72,52.667,хорошо
82,4,82,79,76,61,64.0,отлично
21,10,56,56,26,97,44.333,хорошо
26,72,57,84,1,22,43.667,хорошо
97,35,15,5,4,83,39.833,хорошо
76,86,48,99,24,80,68.833,отлично
38,91,58,69,65,91,68.667,отлично
32,15,91,79,59,19,49.167,хорошо
65,9,85,85,71,98,68.833,отлично
73,62,37,80,52,7,51.833,хорошо
36,66,65,19,62,2,41.667,хорошо
65,80,19,78,8,64,52.333,хорошо
2,80,90,63,43,22,50.0,хорошо
10,84,21,58,58,92,53.833,хорошо
35,95,66,54,59,0,51.5,хорошо
1,70,45,79,11,35,40.167,хорошо
96,59,76,50,58,82,70.167,отлично
70,38,97,74,45,24,58.0,хорошо
42,68,61,4,12,27,35.667,хорошо
79,84,28,72,69,21,58.833,хорошо
65,23,60,67,27,58,50.0,хорошо
71,6,7,59,78,35,42.667,хорошо
9,16,84,42,11,81,40.5,хорошо
7,41,4,45,88,62,41.167,хорошо
29,49,90,75,63,89,65.833,отлично
2,95,75,51,35,79,56.167,хорошо
31,95,70,43,0,52,48.5,хорошо
13,67,38,75,40,42,45.833,хорошо
16,70,9,69,18,82,44.0,хорошо
27,56,20,34,40,84,43.5,хорошо
97,68,59,62,37,5,54.667,хорошо
70,29,23,86,38,1,41.167,хорошо
5,86,97,80,63,50,63.5,отлично
26,96,56,43,95,56,62.0,отлично
35,17,39,94,2,5,32.0,хорошо
2,59,41,2,27,8,23.167,удовлетворительно
18,31,27,50,77,27,38.333,хорошо
38,53,67,95,68,7,54.667,хорошо
89,93,97,49,72,44,74.0,отлично
61,14,21,78,33,69,46.0,хорошо
53,63,55,82,58,49,60.0,отлично
15,11,99,33,68,50,46.0,хорошо
29,39,57,73,47,84,54.833,хорошо
72,54,65,62,2,90,57.5,хорошо
75,39,6,4,61,24,34.833,хорошо
25,84,91,71,40,83,65.667,отлично
1,86,57,36,52,94,54.333,хорошо
47,83,0,0,37,29,32.667,хорошо
54,53,21,48,57,33,44.333,хорошо
46,99,54,51,37,65,58.667,хорошо
44,35,49,36,91,25,46.667,хорошо
28,82,5,55,19,35,37.333,хорошо
78,87,44,50,36,10,50.833,хорошо
87,29,99,86,39,41,63.5,отлично
64,66,52,12,71,52,52.833,хорошо
62,72,97,22,63,58,62.333,отлично
18,87,14,53,19,61,42.0,хорошо
27,7,49,4,94,18,33.167,хорошо
14,56,27,22,3,83,34.167,хорошо
80,2,78,86,75,49,61.667,отлично
53,92,17,50,42,11,44.167,хорошо
80,82,27,8,80,72,58.167,хорошо
49,71,89,41,62,37,58.167,хорошо
17,77,20,95,4,20,38.833,хорошо
25,35,31,41,77,60,44.833,хорошо
44,90,62,61,12,85,59.0,хорошо
65,76,86,34,63,80,67.333,отлично
69,10,28,56,85,69,52.833,хорошо
91,72,14,29,67,69,57.0,хорошо
4,39,38,48,44,76,41.5,хорошо
47,77,85,37,32,68,57.667,хорошо
4,76,60,85,62,33,53.333,хорошо
32,16,63,87,17,31,41.0,хорошо
58,49,89,72,59,51,63.0,отлично
63,62,5,54,33,61,46.333,хорошо
85,11,61,74,1,94,54.333,хорошо
44,63,13,38,23,61,40.333,хорошо
11,6,82,9,60,11,29.833,удовлетворительно
84,21,35,22,55,43,43.333,хорошо
57,77,21,84,90,68,66.167,отлично
29,31,64,73,71,64,55.333,хорошо
25,6,64,19,17,75,34.333,хорошо
85,34,71,94,34,92,68.333,отлично
97,42,50,48,14,36,47.833,хорошо
3,35,54,75,14,69,41.667,хорошо
34,4,92,73,70,93,61.0,отлично
84,51,25,72,6,23,43.5,хорошо
60,56,1,94,93,32,56.0,хорошо
24,91,96,3,23,47,47.333,хорошо
26,5,23,47,42,78,36.833,хорошо
85,16,20,26,15,1,27.167,удовлетворительно
33,7,16,81,95,40,45.333,хорошо
46,30,23,3,83,65,41.667,хорошо
15,24,81,64,46,5,39.167,хорошо
58,97,54,92,49,94,74.0,отлично
71,96,0,85,62,5,53.167,хорошо
95,31,50,76,37,62,58.5,хорошо
76,53,36,11,34,87,49.5,хорошо
60,47,21,60,77,58,53.833,хорошо
55,38,11,90,59,8,43.5,хорошо
13,52,85,73,90,80,65.5,отлично
60,25,90,81,51,57,60.667,отлично
97,48,30,21,68,71,55.833,хорошо
60,43,90,80,48,63,64.0,отлично
56,58,26,44,31,25,40.0,хорошо
75,22,78,91,94,36,66.0,отлично
82,22,67,64,89,45,61.5,отлично
92,60,23,77,97,23,62.0,отлично
40,62,25,43,40,24,39.0,хорошо
2,25,32,23,48,30,26.667,удовлетворительно
59,33,10,0,94,35,38.5,хорошо
23,89,37,25,66,40,46.667,хорошо
92,74,48,34,79,85,68.667,отлично
89,86,71,83,84,75,81.333,отлично
65,82,97,55,24,63,64.333,отлично
26,87,89,40,95,82,69.833,отлично
78,36,39,79,12,75,53.167,хорошо
57,96,21,83,86,53,66.0,отлично
22,90,97,67,20,72,61.333,отлично
38,88,95,5,86,14,54.333,хорошо
39,38,57,94,16,85,54.833,хорошо
28,9,92,89,80,13,51.833,хорошо
7,98,95,6,54,52,52.0,хорошо
19,65,77,58,57,13,48.167,хорошо
36,41,68,58,83,62,58.0,хорошо
8,10,24,69,56,91,43.0,хорошо
47,45,95,42,18,12,43.167,хорошо
72,24,59,40,36,79,51.667,хорошо
34,46,98,26,34,96,55.667,хорошо
60,23,33,8,18,83,37.5,хорошо
5,40,33,86,37,80,46.833,хорошо
19,78,87,47,72,52,59.167,хорошо
54,47,64,89,89,13,59.333,хорошо
26,74,80,13,93,38,54.0,хорошо
93,96,60,69,52,43,68.833,отлично
44,93,96,50,67,6,59.333,хорошо
97,15,25,28,11,51,37.833,хорошо
71,71,99,95,97,77,85.0,отлично
73,88,36,67,0,55,53.167,хорошо
57,95,59,23,71,6,51.833,хорошо
89,81,2,32,97,99,66.667,отлично
98,19,93,19,39,21,48.167,хорошо
21,2,12,5,76,41,26.167,удовлетворительно
59,70,83,21,83,12,54.667,хорошо
17,26,44,50,57,82,46.0,хорошо
18,99,35,65,16,15,41.333,хорошо
24,55,12,34,13,82,36.667,хорошо
39,82,82,89,25,13,55.0,хорошо
43,48,56,97,58,63,60.833,отлично
80,26,99,60,51,37,58.833,хорошо
37,20,62,64,95,78,59.333,хорошо
37,17,9,77,98,76,52.333,хорошо
55,68,0,74,42,70,51.5,хорошо
1,29,48,60,88,87,52.167,хорошо
74,4,60,0,23,18,29.833,удовлетворительно
26,43,98,49,79,10,50.833,хорошо
11,19,48,87,81,19,44.167,хорошо
40,33,99,11,76,93,58.667,хорошо
43,3,50,20,88,51,42.5,хорошо
61,73,1,53,48,14,41.667,хорошо
93,33,6,64,25,72,48.833,хорошо
17,96,26,24,92,35,48.333,хорошо
99,77,31,18,36,20,46.833,хорошо
49,57,97,35,76,55,61.5,отлично
23,11,6,53,29,46,28.0,удовлетворительно
82,74,44,23,80,74,62.833,отлично
93,53,24,54,63,70,59.5,хорошо
37,34,1,63,70,5,35.0,хорошо
72,8,27,19,24,45,32.5,хорошо
15,41,66,5,16,99,40.333,хорошо
83,2,84,8,15,21,35.5,хорошо
30,4,16,31,61,87,38.167,хорошо
0,88,80,33,48,79,54.667,хорошо
44,0,54,94,38,25,42.5,хорошо
83,2,94,34,75,14,50.333,хорошо
5,92,58,65,72,78,61.667,отлично
49,30,72,79,26,27,47.167,хорошо
31,92,36,1,69,95,54.0,хорошо
42,19,15,8,81,34,33.167,хорошо
43,44,57,29,48,24,40.833,хорошо
47,11,62,48,16,97,46.833,хорошо
66,87,31,62,64,97,67.833,отлично
74,85,84,33,98,35,68.167,отлично
92,18,7,38,21,6,30.333,хорошо
62,9,30,89,41,90,53.5,хорошо
34,64,71,85,63,39,59.333,хорошо
44,53,90,14,79,29,51.5,хорошо
14,60,89,18,85,59,54.167,хорошо
71,65,31,28,90,25,51.667,хорошо
20,11,77,70,9,44,38.5,хорошо
76,71,70,18,99,63,66.167,отлично
44,15,37,43,93,83,52.5,хорошо
22,57,75,23,75,84,56.0,хорошо
42,5,13,77,44,66,41.167,хорошо
82,99,19,48,67,53,61.333,отлично
99,68,42,70,5,4,48.0,хорошо
61,90,36,97,3,92,63.167,отлично
4,30,67,9,19,45,29.0,удовлетворительно
83,38,32,94,44,65,59.333,хорошо
32,50,82,40,82,25,51.833,хорошо
39,84,56,11,42,75,51.167,хорошо
60,93,25,2,43,53,46.0,хорошо
65,0,95,59,33,99,58.5,хорошо
75,53,60,72,56,33,58.167,хорошо
40,61,42,70,94,65,62.0,отлично
57,36,89,30,95,87,65.667,отлично
15,74,95,58,61,31,55.667,хорошо
18,23,12,54,36,43,31.0,хорошо
94,90,24,3,13,31,42.5,хорошо
21,65,27,58,10,82,43.833,хорошо
61,25,37,18,32,90,43.833,хорошо
30,32,55,90,47,65,53.167,хорошо
74,70,27,91,7,33,50.333,хорошо
13,96,82,96,55,50,65.333,отлично
20,18,12,39,76,28,32.167,хорошо
27,85,20,29,2,52,35.833,хорошо
91,16,26,70,92,40,55.833,хорошо
79,42,67,96,27,93,67.333,отлично
58,29,63,77,69,35,55.167,хорошо
2,51,95,66,20,3,39.5,хорошо
48,3,36,8,85,6,31.0,хорошо
97,84,96,35,72,42,71.0,отлично
1,21,17,95,93,90,52.833,хорошо
90,60,49,60,73,20,58.667,хорошо
84,6,97,16,95,25,53.833,хорошо
13,72,37,46,12,29,34.833,хорошо
19,29,29,92,58,69,49.333,хорошо
73,15,61,55,89,24,52.833,хорошо
32,34,36,67,80,72,53.5,хорошо
29,5,53,57,60,65,44.833,хорошо
36,14,2,75,58,49,39.0,хорошо
61,83,94,85,23,99,74.167,отлично
70,91,19,97,68,23,61.333,отлично
92,92,26,53,5,26,49.0,хорошо
4,74,74,69,15,26,43.667,хорошо
21,55,5,49,68,37,39.167,хорошо
48,80,11,57,19,48,43.833,хорошо
49,38,69,98,77,39,61.667,отлично
20,21,86,79,95,51,58.667,хорошо
67,21,80,84,27,93,62.0,отлично
28,65,94,1,41,67,49.333,хорошо
67,4,52,59,83,38,50.5,хорошо
53,60,8,44,49,63,46.167,хорошо
24,40,60,23,3,4,25.667,удовлетворительно
30,89,64,27,8,78,49.333,хорошо
54,25,72,66,93,60,61.667,отлично
38,19,10,58,25,99,41.5,хорошо
15,96,86,14,18,28,42.833,хорошо
25,23,97,17,64,32,43.0,хорошо
20,85,58,22,37,34,42.667,хорошо
9,15,14,75,3,77,32.167,хорошо
55,84,29,9,14,46,39.5,хорошо
53,79,45,52,67,13,51.5,хорошо
58,3,38,66,94,65,54.0,хорошо
8,5,50,24,31,44,27.0,удовлетворительно
86,88,28,80,84,69,72.5,отлично
82,85,67,9,56,15,52.333,хорошо
65,65,23,84,35,31,50.5,хорошо
65,4,15,43,65,64,42.667,хорошо
7,42,48,16,21,75,34.833,хорошо
79,44,18,7,6,94,41.333,хорошо
2,42,89,57,88,69,57.833,хорошо
50,39,17,77,12,58,42.167,хорошо
0,91,65,78,68,26,54.667,хорошо
50,89,55,86,13,10,50.5,хорошо
17,15,24,7,18,68,24.833,удовлетворительно
65,96,8,81,5,61,52.667,хорошо
98,61,96,19,84,23,63.5,отлично
0,73,0,21,28,36,26.333,удовлетворительно
41,35,64,6,27,8,30.167,хорошо
46,38,64,23,45,82,49.667,хорошо
18,54,68,1,87,63,48.5,хорошо
49,28,69,13,12,80,41.833,хорошо
67,91,76,47,26,47,59.0,хорошо
71,80,74,55,52,9,56.833,хорошо
32,16,61,65,89,20,47.167,хорошо
47,70,76,86,65,22,61.0,отлично
68,43,71,8,96,48,55.667,хорошо
25,75,45,89,49,69,58.667,хорошо
54,96,12,53,54,39,51.333,хорошо
69,11,43,25,68,22,39.667,хорошо
99,55,3,87,67,1,52.0,хорошо
18,97,70,21,25,67,49.667,хорошо
38,83,96,21,30,64,55.333,хорошо
41,30,59,42,10,83,44.167,хорошо
86,41,38,21,89,56,55.167,хорошо
96,14,86,33,75,34,56.333,хорошо
70,23,53,9,30,32,36.167,хорошо
53,11,90,17,35,21,37.833,хорошо
95,3,67,51,64,53,55.5,хорошо
42,72,88,6,97,66,61.833,отлично
24,26,45,42,35,11,30.5,хорошо
81,86,26,36,76,68,62.167,отлично
46,74,12,68,6,39,40.833,хорошо
13,1,24,29,29,46,23.667,удовлетворительно
65,83,67,41,15,7,46.333,хорошо
8,67,40,71,96,87,61.5,отлично
24,32,38,74,2,87,42.833,хорошо
15,17,86,3,16,57,32.333,хорошо
12,87,18,42,74,78,51.833,хорошо
75,85,27,60,49,25,53.5,хорошо
24,36,98,82,2,30,45.333,хорошо
86,45,76,1,12,48,44.667,хорошо
2,54,71,14,41,70,42.0,хорошо
83,26,80,60,31,36,52.667,хорошо
35,43,63,3,61,60,44.167,хорошо
27,88,84,76,91,43,68.167,отлично
7,85,25,1,91,12,36.833,хорошо
37,98,15,92,49,30,53.5,хорошо
81,6,5,51,78,88,51.5,хорошо
82,28,82,19,63,22,49.333,хорошо
63,96,55,42,2,12,45.0,хорошо
86,37,1,91,73,54,57.0,хорошо
98,66,71,20,76,17,58.0,хорошо
18,76,9,31,89,2,37.5,хорошо
97,4,65,63,20,2,41.833,хорошо
13,39,69,34,35,15,34.167,хорошо
5,83,58,34,48,23,41.833,хорошо
25,58,59,85,2,64,48.833,хорошо
90,87,55,40,31,41,57.333,хорошо
22,68,50,62,52,3,42.833,хорошо
89,18,3,47,54,2,35.5,хорошо
58,76,63,18,35,70,53.333,хорошо
68,43,90,5,70,10,47.667,хорошо
65,17,8,43,14,70,36.167,хорошо
43,13,93,31,10,12,33.667,хорошо
79,77,85,30,5,24,50.0,хорошо
31,87,87,86,26,9,54.333,хорошо
66,15,77,44,6,17,37.5,хорошо
87,92,17,83,2,34,52.5,хорошо
50,66,16,50,21,87,48.333,хорошо
53,21,56,81,84,58,58.833,хорошо
75,46,78,90,74,2,60.833,отлично
83,29,51,84,22,81,58.333,хорошо
61,10,85,13,66,4,39.833,хорошо
1,40,17,13,96,6,28.833,удовлетворительно
44,74,85,74,92,93,77.0,отлично
30,14,10,75,19,91,39.833,хорошо
32,25,61,60,11,26,35.833,хорошо
57,54,61,51,52,43,53.0,хорошо
91,69,35,82,62,71,68.333,отлично
72,49,50,38,21,71,50.167,хорошо
28,49,82,96,16,36,51.167,хорошо
57,1,75,15,50,97,49.167,хорошо
62,29,54,93,73,31,57.0,хорошо
43,14,63,8,73,11,35.333,хорошо
81,31,65,40,72,49,56.333,хорошо
97,5,59,72,21,2,42.667,хорошо
2,92,89,44,17,43,47.833,хорошо
67,58,88,3,41,39,49.333,хорошо
37,38,7,81,43,18,37.333,хорошо
8,20,89,72,57,17,43.833,хорошо
41,52,68,81,73,68,63.833,отлично
37,49,36,70,2,26,36.667,хорошо
90,52,95,10,22,58,54.5,хорошо
21,86,67,86,96,0,59.333,хорошо
78,16,33,97,28,49,50.167,хорошо
92,88,39,8,93,33,58.833,хорошо
72,90,5,62,84,6,53.167,хорошо
64,77,10,58,48,34,48.5,хорошо
83,56,15,60,58,81,58.833,хорошо
16,2,83,89,65,54,51.5,хорошо
87,38,22,23,63,23,42.667,хорошо
77,81,13,25,80,5,46.833,хорошо
14,65,11,52,31,53,37.667,хорошо
56,86,85,17,20,55,53.167,хорошо
36,91,54,82,33,15,51.833,хорошо
18,67,77,27,24,73,47.667,хорошо
84,3,23,55,30,58,42.167,хорошо
65,92,54,2,16,40,44.833,хорошо
39,7,48,0,12,62,28.0,удовлетворительно
41,22,45,72,50,85,52.5,хорошо
25,84,68,45,0,25,41.167,хорошо
14,28,20,74,22,97,42.5,хорошо
49,3,34,83,26,96,48.5,хорошо
78,2,96,45,68,91,63.333,отлично
12,11,32,34,34,44,27.833,удовлетворительно
67,44,0,86,69,23,48.167,хорошо
13,52,84,72,94,85,66.667,отлично
13,80,91,79,57,48,61.333,отлично
46,30,80,65,70,68,59.833,хорошо
27,16,92,21,57,19,38.667,хорошо
83,0,91,1,91,44,51.667,хорошо
43,43,29,86,60,24,47.5,хорошо
74,15,37,6,34,34,33.333,хорошо
84,99,14,25,2,63,47.833,хорошо
80,98,97,63,17,27,63.667,отлично
90,38,60,10,30,19,41.167,хорошо
1,5,23,73,52,17,28.5,удовлетворительно
43,57,96,52,61,58,61.167,отлично
24,57,37,11,11,14,25.667,удовлетворительно
59,73,87,84,94,39,72.667,отлично
4,44,67,92,21,56,47.333,хорошо
67,60,7,97,53,28,52.0,хорошо
72,87,60,93,96,16,70.667,отлично
62,21,50,58,5,55,41.833,хорошо
38,47,21,13,90,42,41.833,хорошо
61,43,15,31,66,52,44.667,хорошо
41,27,60,78,0,93,49.833,хорошо
56,34,68,11,14,69,42.0,хорошо
86,96,36,91,86,59,75.667,отлично
39,50,72,85,68,2,52.667,хорошо
20,83,19,63,1,14,33.333,хорошо
97,18,5,74,31,1,37.667,хорошо
90,76,45,58,36,18,53.833,хорошо
34,14,14,8,69,58,32.833,хорошо
62,79,55,86,23,1,51.0,хорошо
92,97,78,30,12,55,60.667,отлично
25,82,80,11,90,51,56.5,хорошо
6,23,96,64,67,81,56.167,хорошо
79,96,87,52,64,40,69.667,отлично
4,60,14,21,90,10,33.167,хорошо
33,38,68,95,40,95,61.5,отлично
63,59,1,73,16,90,50.333,хорошо
98,62,55,88,89,67,76.5,отлично
88,66,1,33,37,16,40.167,хорошо
98,2,42,21,2,92,42.833,хорошо
58,61,19,9,9,75,38.5,хорошо
59,8,87,53,33,7,41.167,хорошо
94,37,24,80,42,85,60.333,отлично
82,50,66,14,26,71,51.5,хорошо
76,72,91,62,34,31,61.0,отлично
36,53,57,91,73,7,52.833,хорошо
82,13,52,89,8,68,52.0,хорошо
3,18,72,15,25,84,36.167,хорошо
73,89,81,59,51,76,71.5,отлично
80,49,51,17,30,82,51.5,хорошо
46,72,14,95,32,81,56.667,хорошо
93,42,7,22,12,69,40.833,хорошо
33,16,58,19,55,70,41.833,хорошо
43,22,51,77,80,21,49.0,хорошо
33,8,94,61,41,9,41.0,хорошо
11,3,72,87,44,85,50.333,хорошо
38,63,10,68,90,96,60.833,отлично
41,58,68,17,49,21,42.333,хорошо
18,72,24,25,96,6,40.167,хорошо
27,82,39,31,94,42,52.5,хорошо
30,57,69,31,53,8,41.333,хорошо
8,58,4,18,85,7,30.0,хорошо
41,38,72,17,3,82,42.167,хорошо
83,57,44,98,35,55,62.0,отлично
49,89,10,13,88,12,43.5,хорошо
78,41,55,37,61,99,61.833,отлично
68,74,70,3,85,32,55.333,хорошо
62,20,99,14,52,16,43.833,хорошо
54,46,54,44,38,79,52.5,хорошо
95,84,38,5,21,48,48.5,хорошо
29,36,39,82,14,29,38.167,хорошо
17,12,86,52,51,75,48.833,хорошо
95,52,51,46,42,48,55.667,хорошо
39,45,18,78,23,22,37.5,хорошо
60,83,36,88,98,47,68.667,отлично
71,50,44,16,41,48,45.0,хорошо
53,3,80,64,59,9,44.667,хорошо
86,5,3,98,0,69,43.5,хорошо
70,74,70,37,18,9,46.333,хорошо
84,43,34,83,27,46,52.833,хорошо
92,96,52,80,83,43,74.333,отлично
65,32,15,69,25,53,43.167,хорошо
46,43,77,62,10,15,42.167,хорошо
8,40,97,39,14,20,36.333,хорошо
76,94,63,69,32,42,62.667,отлично
75,38,97,40,13,54,52.833,хорошо
72,15,14,35,6,76,36.333,хорошо
36,42,6,29,70,43,37.667,хорошо
16,41,41,5,44,10,26.167,удовлетворительно
70,13,38,59,37,55,45.333,хорошо
16,0,25,72,3,62,29.667,удовлетворительно
99,76,32,62,25,91,64.167,отлично
61,96,37,57,36,54,56.833,хорошо
54,40,40,9,28,56,37.833,хорошо
0,10,68,11,25,72,31.0,хорошо
34,2,33,30,73,42,35.667,хорошо
50,30,77,17,69,30,45.5,хорошо
14,13,65,88,31,7,36.333,хорошо
33,82,73,56,59,8,51.833,хорошо
52,45,66,10,50,13,39.333,хорошо
60,87,64,22,28,22,47.167,хорошо
18,5,46,77,74,85,50.833,хорошо
24,71,42,68,25,25,42.5,хорошо
33,73,7,89,73,21,49.333,хорошо
31,61,45,36,77,2,42.0,хорошо
19,62,68,14,51,94,51.333,хорошо
7,95,34,64,92,58,58.333,хорошо
21,31,16,40,19,67,32.333,хорошо
31,63,22,50,31,89,47.667,хорошо
84,33,11,7,35,1,28.5,удовлетворительно
88,37,22,63,68,62,56.667,хорошо
52,74,14,4,3,48,32.5,хорошо
17,8,62,81,26,61,42.5,хорошо
35,69,86,0,21,63,45.667,хорошо
78,20,75,85,17,78,58.833,хорошо
45,22,34,98,94,47,56.667,хорошо
89,67,25,73,79,23,59.333,хорошо
22,15,31,80,13,64,37.5,хорошо
62,58,11,70,18,1,36.667,хорошо
81,40,29,89,80,98,69.5,отлично
95,58,78,90,62,41,70.667,отлично
25,70,3,2,91,29,36.667,хорошо
24,70,38,55,97,64,58.0,хорошо
70,54,47,49,49,71,56.667,хорошо
17,45,98,43,70,24,49.5,хорошо
80,48,80,56,89,70,70.5,отлично
48,94,59,48,86,93,71.333,отлично
7,16,57,8,94,23,34.167,хорошо
5,71,76,59,50,4,44.167,хорошо
95,52,45,77,15,57,56.833,хорошо
58,82,43,71,25,69,58.0,хорошо
40,73,4,46,49,51,43.833,хорошо
64,91,79,34,68,91,71.167,отлично
91,22,13,67,78,97,61.333,отлично
1,82,93,43,28,52,49.833,хорошо
61,94,96,92,96,41,80.0,отлично
86,66,94,25,24,89,64.0,отлично
31,96,44,51,77,92,65.167,отлично
73,31,7,63,0,99,45.5,хорошо
74,13,75,89,42,35,54.667,хорошо
38,66,11,24,23,72,39.0,хорошо
71,41,96,74,15,30,54.5,хорошо
52,82,77,91,13,85,66.667,отлично
61,14,97,32,58,55,52.833,хорошо
11,74,71,61,12,55,47.333,хорошо
35,14,77,2,52,73,42.167,хорошо
80,1,29,18,67,26,36.833,хорошо
14,64,10,20,84,94,47.667,хорошо
11,89,89,55,41,16,50.167,хорошо
63,51,85,35,27,37,49.667,хорошо
16,50,44,32,55,23,36.667,хорошо
26,98,54,43,36,55,52.0,хорошо
83,3,70,86,47,78,61.167,отлично
62,51,73,97,83,9,62.5,отлично
99,17,56,80,63,12,54.5,хорошо
84,21,46,11,57,69,48.0,хорошо
65,47,80,42,96,52,63.667,отлично
14,83,79,13,41,99,54.833,хорошо
8,22,86,19,5,5,24.167,удовлетворительно
82,1,28,92,15,23,40.167,хорошо
85,90,86,45,8,94,68.0,отлично
8,78,34,84,79,60,57.167,хорошо
43,14,41,21,68,6,32.167,хорошо
5,65,51,6,74,33,39.0,хорошо
46,53,34,47,75,36,48.5,хорошо
36,26,41,26,84,33,41.0,хорошо
28,86,89,26,66,53,58.0,хорошо
55,35,12,70,0,55,37.833,хорошо
69,74,84,83,34,9,58.833,хорошо
47,55,24,81,29,33,44.833,хорошо
23,75,44,22,94,58,52.667,хорошо
48,28,32,50,50,83,48.5,хорошо
22,26,16,43,88,90,47.5,хорошо
26,86,54,25,29,10,38.333,хорошо
52,54,51,21,98,35,51.833,хорошо
88,96,66,54,55,32,65.167,отлично
49,95,88,18,11,29,48.333,хорошо
54,20,76,39,22,90,50.167,хорошо
90,49,68,45,15,65,55.333,хорошо
44,0,86,39,55,21,40.833,хорошо
35,56,5,44,45,1,31.0,хорошо
27,44,62,13,42,69,42.833,хорошо
78,45,56,7,59,59,50.667,хорошо
72,70,12,57,67,19,49.5,хорошо
52,23,13,8,98,69,43.833,хорошо
49,57,78,51,30,86,58.5,хорошо
47,88,69,41,69,39,58.833,хорошо
39,91,67,70,1,51,53.167,хорошо
55,42,56,6,41,41,40.167,хорошо
92,26,31,42,51,45,47.833,хорошо
4,68,46,29,14,62,37.167,хорошо
44,95,30,30,49,96,57.333,хорошо
38,38,76,1,59,89,50.167,хорошо
67,23,68,68,77,80,63.833,отлично
98,12,68,53,10,52,48.833,хорошо
79,43,5,15,6,7,25.833,удовлетворительно
15,75,69,67,77,47,58.333,хорошо
76,20,4,45,45,89,46.5,хорошо
25,90,42,48,49,71,54.167,хорошо
15,31,55,89,66,70,54.333,хорошо
52,8,50,98,27,59,49.0,хорошо
96,51,60,49,74,55,64.167,отлично
72,6,59,39,99,69,57.333,хорошо
52,36,28,5,85,52,43.0,хорошо
75,3,49,24,49,97,49.5,хорошо
2,87,12,29,22,77,38.167,хорошо
56,56,93,65,88,71,71.5,отлично
52,72,9,85,29,42,48.167,хорошо
16,71,78,53,26,55,49.833,хорошо
0,51,4,56,97,97,50.833,хорошо
24,93,51,25,88,89,61.667,отлично
75,43,24,63,76,53,55.667,хорошо
5,44,27,23,96,23,36.333,хорошо
78,91,92,91,80,55,81.167,отлично
26,88,90,62,53,80,66.5,отлично
86,33,77,42,20,25,47.167,хорошо
40,30,52,18,25,74,39.833,хорошо
28,97,76,11,28,4,40.667,хорошо
87,86,91,76,45,24,68.167,отлично
75,19,14,89,17,9,37.167,хорошо
23,11,58,27,68,5,32.0,хорошо
38,71,84,53,59,53,59.667,хорошо
8,22,37,39,13,60,29.833,удовлетворительно
60,63,27,5,81,71,51.167,хорошо
88,99,38,40,29,12,51.0,хорошо
62,43,76,21,7,22,38.5,хорошо
21,69,33,48,24,6,33.5,хорошо
43,20,98,44,10,51,44.333,хорошо
24,59,19,1,39,9,25.167,удовлетворительно
37,10,30,37,25,85,37.333,хорошо
0,28,53,92,63,30,44.333,хорошо
36,33,26,66,76,69,51.0,хорошо
28,0,41,18,24,56,27.833,удовлетворительно
92,74,62,51,78,80,72.833,отлично
13,55,44,91,95,9,51.167,хорошо
79,22,28,71,34,49,47.167,хорошо
47,60,47,11,34,60,43.167,хорошо
83,29,0,41,6,41,33.333,хорошо
71,88,54,61,55,98,71.167,отлично
56,37,4,5,32,50,30.667,хорошо
31,47,58,74,41,71,53.667,хорошо
0,32,74,71,5,46,38.0,хорошо
20,86,67,43,3,55,45.667,хорошо
85,80,62,36,49,97,68.167,отлично
62,43,60,41,60,70,56.0,хорошо
59,43,39,97,64,52,59.0,хорошо
32,74,14,97,75,61,58.833,хорошо
14,33,81,91,88,38,57.5,хорошо
29,13,13,62,54,40,35.167,хорошо
20,64,35,99,38,59,52.5,хорошо
14,67,22,42,9,41,32.5,хорошо
26,29,62,84,15,78,49.0,хорошо
86,76,66,44,66,34,62.0,отлично
59,79,30,40,45,51,50.667,хорошо
27,4,77,31,4,20,27.167,удовлетворительно
64,48,31,86,47,41,52.833,хорошо
26,0,2,9,34,31,17.0,удовлетворительно
48,36,73,22,60,64,50.5,хорошо
60,35,73,93,99,74,72.333,отлично
72,11,92,75,58,85,65.5,отлично
90,89,54,2,9,74,53.0,хорошо
72,82,58,46,88,61,67.833,отлично
57,61,39,64,50,71,57.0,хорошо
1,27,2,5,26,5,11.0,удовлетворительно
25,59,96,13,74,18,47.5,хорошо
13,43,53,3,57,86,42.5,хорошо
12,16,59,38,48,4,29.5,удовлетворительно
1,20,60,99,49,28,42.833,хорошо
59,71,99,49,4,96,63.0,отлично
86,57,89,1,45,23,50.167,хорошо
76,14,90,74,52,3,51.5,хорошо
37,10,18,20,17,23,20.833,удовлетворительно
9,42,73,59,62,16,43.5,хорошо
70,10,71,8,17,59,39.167,хорошо
7,96,0,1,21,51,29.333,удовлетворительно
7,80,19,10,88,75,46.5,хорошо
31,51,89,56,28,41,49.333,хорошо
44,15,63,1,2,28,25.5,удовлетворительно
69,70,42,84,48,37,58.333,хорошо
75,60,58,58,41,11,50.5,хорошо
33,80,46,27,2,66,42.333,хорошо
16,27,91,24,46,63,44.5,хорошо
53,71,51,26,49,66,52.667,хорошо
19,97,22,79,21,74,52.0,хорошо
86,45,82,53,93,3,60.333,отлично
37,49,50,60,63,52,51.833,хорошо
58,10,17,8,3,23,19.833,удовлетворительно
74,97,27,65,25,91,63.167,отлично
1,40,88,24,68,57,46.333,хорошо
28,95,2,55,46,97,53.833,хорошо
83,76,19,89,88,78,72.167,отлично
82,18,62,21,73,75,55.167,хорошо
80,23,71,13,99,63,58.167,хорошо
97,8,60,47,91,59,60.333,отлично
75,78,84,2,76,40,59.167,хорошо
75,35,36,70,52,9,46.167,хорошо
47,47,27,16,8,76,36.833,хорошо
36,93,22,32,48,17,41.333,хорошо
97,48,2,87,94,13,56.833,хорошо
46,48,49,33,21,82,46.5,хорошо
84,36,0,41,87,55,50.5,хорошо
4,20,72,52,83,26,42.833,хорошо
53,78,95,41,38,66,61.833,отлично
7,2,24,3,36,53,20.833,удовлетворительно
13,13,33,80,95,73,51.167,хорошо
4,28,64,14,47,28,30.833,хорошо
24,56,44,54,33,18,38.167,хорошо
64,17,31,13,75,41,40.167,хорошо
77,52,62,99,25,37,58.667,хорошо
64,80,86,72,71,87,76.667,отлично
42,24,77,10,44,23,36.667,хорошо
80,10,55,42,47,82,52.667,хорошо
73,15,44,77,65,0,45.667,хорошо
22,31,86,79,87,9,52.333,хорошо
28,55,60,68,64,62,56.167,хорошо
66,85,17,74,86,97,70.833,отлично
40,52,36,43,44,99,52.333,хорошо
69,18,68,31,90,73,58.167,хорошо
81,62,30,98,23,73,61.167,отлично
22,36,7,16,74,94,41.5,хорошо
54,5,17,47,19,59,33.5,хорошо
19,56,2,9,0,93,29.833,удовлетворительно
13,29,96,65,22,53,46.333,хорошо
24,3,5,87,54,18,31.833,хорошо
65,66,73,22,59,48,55.5,хорошо
34,37,12,52,82,20,39.5,хорошо
76,70,76,26,16,31,49.167,хорошо
90,32,18,77,70,74,60.167,отлично
66,93,44,31,34,72,56.667,хорошо
85,7,59,22,57,76,51.0,хорошо
47,3,44,74,78,62,51.333,хорошо
56,23,13,32,27,60,35.167,хорошо
11,40,68,70,69,99,59.5,хорошо
88,2,97,84,46,66,63.833,отлично
20,57,64,97,92,64,65.667,отлично
6,27,59,73,36,18,36.5,хорошо
95,54,29,37,21,54,48.333,хорошо
4,31,19,1,13,86,25.667,удовлетворительно
17,47,24,53,24,75,40.0,хорошо
89,37,65,59,94,28,62.0,отлично
61,24,77,96,12,93,60.5,отлично
88,20,16,71,84,27,51.0,хорошо
92,74,31,48,72,29,57.667,хорошо
63,3,61,58,30,65,46.667,хорошо
56,31,92,73,9,35,49.333,хорошо
63,76,26,24,83,32,50.667,хорошо
96,43,26,90,11,66,55.333,хорошо
24,97,95,91,39,72,69.667,отлично
12,20,9,43,47,9,23.333,удовлетворительно
93,92,59,67,53,38,67.0,отлично
1,24,93,45,1,70,39.0,хорошо
44,42,92,51,45,44,53.0,хорошо
43,14,34,90,83,16,46.667,хорошо
86,15,79,13,82,66,56.833,хорошо
4,58,85,35,40,16,39.667,хорошо
43,52,61,26,0,92,45.667,хорошо
38,6,36,21,95,31,37.833,хорошо
58,90,89,81,90,33,73.5,отлично
25,97,35,73,69,34,55.5,хорошо
41,18,84,68,44,78,55.5,хорошо
1,70,76,48,66,56,52.833,хорошо
16,46,65,23,79,18,41.167,хорошо
7,41,84,83,5,31,41.833,хорошо
10,36,41,17,0,32,22.667,удовлетворительно
85,48,41,18,73,20,47.5,хорошо
47,79,81,83,20,6,52.667,хорошо
22,18,22,56,16,85,36.5,хорошо
63,13,20,79,7,62,40.667,хорошо
82,76,61,95,2,43,59.833,хорошо
94,57,62,17,96,27,58.833,хорошо
6,62,68,50,65,46,49.5,хорошо
99,92,2,28,49,77,57.833,хорошо
81,45,6,28,30,42,38.667,хорошо
81,91,51,63,22,78,64.333,отлично
4,68,17,95,52,76,52.0,хорошо
3,58,82,12,71,25,41.833,хорошо
18,49,15,33,48,54,36.167,хорошо
10,35,71,96,1,69,47.0,хорошо
32,69,65,51,45,32,49.0,хорошо
27,71,78,23,8,94,50.167,хорошо
97,88,83,19,61,40,64.667,отлично
17,2,1,17,78,95,35.0,хорошо
26,98,53,22,50,88,56.167,хорошо
33,77,81,11,24,34,43.333,хорошо
63,90,38,69,1,16,46.167,хорошо
98,41,38,6,90,24,49.5,хорошо
51,52,58,21,62,46,48.333,хорошо
32,43,32,40,8,15,28.333,удовлетворительно
62,83,39,76,78,32,61.667,отлично
39,49,95,96,70,0,58.167,хорошо
0,69,94,24,45,6,39.667,хорошо
62,77,38,22,18,87,50.667,хорошо
71,84,63,58,47,30,58.833,хорошо
64,94,83,41,27,34,57.167,хорошо
90,95,75,36,22,44,60.333,отлично
72,73,96,6,46,46,56.5,хорошо
92,94,43,35,27,29,53.333,хорошо
74,33,4,45,34,29,36.5,хорошо
30,53,29,16,26,73,37.833,хорошо
15,48,69,48,18,46,40.667,хорошо
68,3,22,38,15,95,40.167,хорошо
96,31,12,78,10,97,54.0,хорошо
43,15,16,57,22,88,40.167,хорошо
57,46,43,66,11,68,48.5,хорошо
39,73,97,11,53,47,53.333,хорошо
35,62,27,91,80,58,58.833,хорошо
68,86,76,19,63,21,55.5,хорошо
43,37,27,13,55,41,36.0,хорошо
77,34,21,11,81,37,43.5,хорошо
26,4,42,57,69,76,45.667,хорошо
69,86,4,68,26,50,50.5,хорошо
69,39,13,0,94,42,42.833,хорошо
60,60,8,5,26,89,41.333,хорошо
54,93,69,42,20,51,54.833,хорошо
26,73,92,92,35,82,66.667,отлично
9,89,17,37,43,67,43.667,хорошо
18,88,84,12,76,28,51.0,хорошо
13,19,46,36,40,51,34.167,хорошо
26,96,10,2,13,78,37.5,хорошо
3,56,42,0,55,33,31.5,хорошо
37,81,20,73,34,48,48.833,хорошо
96,59,1,83,52,66,59.5,хорошо
54,20,96,96,60,4,55.0,хорошо
53,36,25,79,69,83,57.5,хорошо
76,62,62,88,7,18,52.167,хорошо
29,99,86,17,34,32,49.5,хорошо
0,34,84,78,28,84,51.333,хорошо
32,41,28,29,69,90,48.167,хорошо
74,59,14,96,38,67,58.0,хорошо
56,22,59,91,90,0,53.0,хорошо
79,71,5,92,40,77,60.667,отлично
30,42,25,22,82,95,49.333,хорошо
79,28,18,10,12,83,38.333,хорошо
2,7,93,64,89,56,51.833,хорошо
69,77,12,86,8,64,52.667,хорошо
63,76,68,19,6,47,46.5,хорошо
54,60,87,92,20,27,56.667,хорошо
89,29,36,0,29,4,31.167,хорошо
68,68,6,96,7,72,52.833,хорошо
86,34,38,15,99,48,53.333,хорошо
38,48,72,6,29,11,34.0,хорошо
13,53,3,5,72,92,39.667,хорошо
91,2,90,5,95,37,53.333,хорошо
31,57,27,43,9,81,41.333,хорошо
35,10,91,54,12,60,43.667,хорошо
77,23,79,50,72,75,62.667,отлично
19,33,75,96,71,58,58.667,хорошо
16,18,18,69,85,8,35.667,хорошо
95,94,12,22,2,1,37.667,хорошо
37,95,26,9,67,94,54.667,хорошо
69,24,19,25,16,56,34.833,хорошо
22,74,58,9,68,54,47.5,хорошо
26,72,92,21,36,94,56.833,хорошо
97,57,50,71,86,93,75.667,отлично
46,15,22,70,43,73,44.833,хорошо
27,26,91,73,7,57,46.833,хорошо
97,3,82,8,86,50,54.333,хорошо
41,0,13,58,21,23,26.0,удовлетворительно
86,56,47,75,32,31,54.5,хорошо
24,30,54,1,8,11,21.333,удовлетворительно
47,36,11,11,42,55,33.667,хорошо
34,51,58,10,55,73,46.833,хорошо
91,70,87,94,4,24,61.667,отлично
84,26,55,59,65,57,57.667,хорошо
69,74,93,12,57,57,60.333,отлично
48,14,88,9,2,17,29.667,удовлетворительно
26,40,88,65,40,37,49.333,хорошо
68,43,77,9,13,51,43.5,хорошо
52,11,15,56,28,25,31.167,хорошо
53,4,87,15,0,54,35.5,хорошо
23,68,89,37,46,6,44.833,хорошо
48,53,45,10,3,67,37.667,хорошо
59,81,16,5,22,59,40.333,хорошо
96,11,13,95,63,42,53.333,хорошо
66,32,57,88,25,60,54.667,хорошо
29,19,34,93,79,45,49.833,хорошо
88,22,73,31,93,45,58.667,хорошо
50,55,37,33,87,53,52.5,хорошо
50,97,31,39,61,48,54.333,хорошо
31,70,1,78,25,11,36.0,хорошо
90,74,34,78,75,4,59.167,хорошо
22,19,63,59,71,31,44.167,хорошо
90,25,95,75,54,12,58.5,хорошо
22,12,77,12,8,39,28.333,удовлетворительно
35,66,85,62,5,29,47.0,хорошо
23,54,66,37,89,76,57.5,хорошо
83,36,98,88,87,63,75.833,отлично
74,71,66,25,88,22,57.667,хорошо
31,82,12,26,84,16,41.833,хорошо
30,5,5,50,55,78,37.167,хорошо
99,60,4,28,4,34,38.167,хорошо
25,26,51,21,31,6,26.667,удовлетворительно
3,87,64,29,20,37,40.0,хорошо
58,94,13,29,91,61,57.667,хорошо
40,16,98,98,47,71,61.667,отлично
28,79,73,13,86,2,46.833,хорошо
17,35,78,7,11,99,41.167,хорошо
9,42,30,56,58,73,44.667,хорошо
33,5,27,16,50,88,36.5,хорошо
79,0,57,40,97,95,61.333,отлично
63,38,27,70,45,37,46.667,хорошо
58,19,11,97,80,51,52.667,хорошо
56,77,15,0,39,73,43.333,хорошо
36,35,29,22,90,22,39.0,хорошо
2,32,72,61,42,68,46.167,хорошо
54,85,67,90,51,29,62.667,отлично
91,57,85,65,3,89,65.0,отлично
0,45,22,67,45,71,41.667,хорошо
16,75,20,2,36,43,32.0,хорошо
11,82,26,63,32,28,40.333,хорошо
36,5,1,90,27,94,42.167,хорошо
46,70,21,15,41,34,37.833,хорошо
2,25,80,88,56,1,42.0,хорошо
77,96,16,98,10,99,66.0,отлично
30,11,98,40,38,15,38.667,хорошо
18,66,46,94,52,66,57.0,хорошо
62,25,42,13,30,84,42.667,хорошо
54,92,16,83,63,28,56.0,хорошо
66,93,12,78,27,19,49.167,хорошо
5,13,52,36,19,48,28.833,удовлетворительно
80,54,72,59,68,69,67.0,отлично
96,31,10,16,21,92,44.333,хорошо
77,70,20,50,85,20,53.667,хорошо
17,84,15,13,73,26,38.0,хорошо
44,19,75,58,29,46,45.167,хорошо
61,19,27,80,49,94,55.0,хорошо
73,8,88,80,19,36,50.667,хорошо
46,3,57,42,46,89,47.167,хорошо
86,7,78,79,54,31,55.833,хорошо
12,96,38,28,31,37,40.333,хорошо
14,28,41,66,17,94,43.333,хорошо
53,80,84,40,94,97,74.667,отлично
86,71,2,69,88,24,56.667,хорошо
73,48,50,81,0,58,51.667,хорошо
87,33,88,71,79,27,64.167,отлично
33,41,9,59,82,73,49.5,хорошо
11,56,1,50,23,18,26.5,удовлетворительно
66,86,47,28,90,2,53.167,хорошо
46,17,0,35,98,70,44.333,хорошо
26,48,0,7,54,73,34.667,хорошо
48,96,0,23,88,48,50.5,хорошо
77,18,64,66,7,80,52.0,хорошо
19,28,20,44,3,61,29.167,удовлетворительно
45,0,11,3,56,22,22.833,удовлетворительно
0,68,94,66,69,10,51.167,хорошо
5,11,59,57,88,46,44.333,хорошо
89,77,27,58,20,59,55.0,хорошо
86,40,72,74,96,90,76.333,отлично
25,66,36,29,31,54,40.167,хорошо
22,16,37,2,57,60,32.333,хорошо
71,8,72,38,14,27,38.333,хорошо
15,9,36,56,8,78,33.667,хорошо
71,63,83,62,59,74,68.667,отлично
69,73,42,14,71,66,55.833,хорошо
19,52,77,13,30,68,43.167,хорошо
99,48,87,55,6,6,50.167,хорошо
55,35,35,66,6,64,43.5,хорошо
9,83,99,3,81,26,50.167,хорошо
26,37,30,29,26,12,26.667,удовлетворительно
79,25,68,0,47,85,50.667,хорошо
73,86,39,91,20,93,67.0,отлично
51,98,83,22,64,64,63.667,отлично
19,91,85,55,12,9,45.167,хорошо
27,76,80,48,88,90,68.167,отлично
36,20,0,34,66,99,42.5,хорошо
21,72,71,83,79,29,59.167,хорошо
16,71,50,40,35,93,50.833,хорошо
51,99,93,17,59,40,59.833,хорошо
48,70,51,43,63,19,49.0,хорошо
90,44,48,99,48,92,70.167,отлично
71,78,3,58,65,73,58.0,хорошо
25,43,5,76,9,40,33.0,хорошо
23,24,30,82,99,78,56.0,хорошо
13,99,71,92,46,17,56.333,хорошо
27,77,63,56,20,28,45.167,хорошо
31,14,85,31,25,18,34.0,хорошо
40,83,60,70,18,26,49.5,хорошо
81,3,33,43,54,71,47.5,хорошо
11,43,92,41,73,74,55.667,хорошо
80,43,5,59,76,85,58.0,хорошо
54,43,92,95,53,73,68.333,отлично
83,61,86,64,12,0,51.0,хорошо
46,14,28,94,74,96,58.667,хорошо
69,67,72,82,91,67,74.667,отлично
42,59,32,47,12,36,38.0,хорошо
53,39,81,45,52,25,49.167,хорошо
65,59,23,87,79,60,62.167,отлично
37,89,50,57,9,49,48.5,хорошо
4,92,49,61,83,42,55.167,хорошо
13,16,27,97,10,54,36.167,хорошо
39,30,92,63,66,42,55.333,хорошо
2,85,47,95,12,10,41.833,хорошо
31,25,35,25,70,59,40.833,хорошо
75,73,14,14,62,53,48.5,хорошо
45,47,81,73,53,96,65.833,отлично
72,87,58,72,84,57,71.667,отлично
83,12,89,6,98,79,61.167,отлично
96,68,94,35,57,12,60.333,отлично
7,8,14,34,63,56,30.333,хорошо
1,1,13,4,65,41,20.833,удовлетворительно
22,9,23,24,29,87,32.333,хорошо
23,89,45,14,74,48,48.833,хорошо
38,95,81,52,93,67,71.0,отлично
37,83,16,2,13,67,36.333,хорошо
26,59,27,68,62,96,56.333,хорошо
82,97,18,33,10,64,50.667,хорошо
88,29,36,49,34,45,46.833,хорошо
54,19,84,76,56,27,52.667,хорошо
1,24,30,38,73,50,36.0,хорошо
85,70,30,14,93,19,51.833,хорошо
29,22,38,62,87,96,55.667,хорошо
26,5,20,87,92,76,51.0,хорошо
29,60,96,7,54,96,57.0,хорошо
